Handle,Image Src,Image Position,Image Alt Text
200-µl-lts-pipette-tips-low-retention-sterile-no-rnase-dnase-pcr-inhibitors-pyrogens,https://cdn.shopify.com/s/files/1/2705/6740/products/Unipet-Tips-range.012818_a77f47d8-d7e2-4f94-9cb2-9ae2dc30aea5.jpg?v=1522715449,1,"200 µl LTS FILTER Tips, Low Retention, Sterile, No RNase, DNase, PCR Inhibitors, Pyrogens"
st-45-plus-co2-incubator-45l-with-2-shelves-copy,https://cdn.shopify.com/s/files/1/2705/6740/products/H3551-45P-Open-WeRes.jpg?v=1699552525,1,"myTemp™ Co2 Mini Digital Incubator, includes 2 stainless steel shelves"
1000-µl-lts-compatible-pipette-tips-low-rentention-sterile-no-rnase-dnase-pcr-inhibitors-pyrogens,https://cdn.shopify.com/s/files/1/2705/6740/products/Unipet-Tips-range.012818_a77f47d8-d7e2-4f94-9cb2-9ae2dc30aea5.jpg?v=1522715449,1,"1000 µl LTS FILTER Tips, Low Retention, Sterile, No RNase, DNase, PCR Inhibitors, Pyrogens"
1-8-ml-red-screw-cap-microtubes-with-silicone-gasket-sterile-500-bag-copy,https://cdn.shopify.com/s/files/1/2705/6740/files/2.0mlyellocap_8bd82ae4-16d6-466a-88dd-89f2ac57f70d.jpg?v=1731705500,1,"1.8 ml YELLOW Screw Cap Microtubes with silicone gasket, sterile, free of RNase, DNase and pyrogen, 500/bag"
incu-shaker™-10l-with-non-slip-rubber-mat-copy,https://cdn.shopify.com/s/files/1/2705/6740/files/H3020-H3022-600-X-600_7eaacc3d-6919-48c6-a69c-87107931eb9c.jpg?v=1731607078,1,Incu-Shaker™ 20L with non-slip rubber mat
200-µl-pipette-tips-no-rnase-dnase-endotoxin-pcr-inhibitors-racked-96-tips-box-10-box-cs,https://cdn.shopify.com/s/files/1/2705/6740/products/T200C-Rack_NSS_cb00ea09-8693-4428-9cea-7b42b750c0fe.jpg?v=1522713963,1,"200 µl Pipette Tips, No RNase, DNase, Endotoxin, PCR inhibitors, Racked, Sterile, 96 tips/box, 10 box/cs"
10-µl-pipette-tips-no-rnase-dnase-endotoxin-pcr-inhibitors-racked-96-tips-box-10-box-cs-copy,https://cdn.shopify.com/s/files/1/2705/6740/products/T200C-Rack_NSS.jpg?v=1522713270,1,"10 µl Pipette Tips, No RNase, DNase, Endotoxin, PCR inhibitors, Sterile, Racked, 96 tips/box, 10 box/cs"
reagent-reservoirs-sterile-1-bag-80-box-copy,https://cdn.shopify.com/s/files/1/2705/6740/products/reagentreservoir.jpg?v=1643827652,1,"Reagent reservoirs, NON STERILE, 5/bag, 80/box"
500-ml-sterile-disposable-vacuum-filter-with-0-22-µm-pes-membrane-12-case-copy,https://cdn.shopify.com/s/files/1/2705/6740/files/SterileDisposableVacuumFilterStorageSystemswith0.22PESMembrane.jpg?v=1730848573,1,"1000 ml Sterile Disposable Vacuum Filter with 0.22 µm PES Membrane, 12/case"
250-ml-sterile-disposable-vacuum-filter-with-0-22-µm-pes-membrane-12-case-copy,https://cdn.shopify.com/s/files/1/2705/6740/files/SterileDisposableVacuumFilterStorageSystemswith0.22PESMembrane.jpg?v=1730848573,1,"500 ml Sterile Disposable Vacuum Filter with 0.22 µm PES Membrane, 12/case"
250-ml-sterile-disposable-vacuum-filter-with-0-22-µm-pes-membrane-12-case,https://cdn.shopify.com/s/files/1/2705/6740/files/SterileDisposableVacuumFilterStorageSystemswith0.22PESMembrane_696ca2ca-1a52-4b30-96fe-257aae40e21a.jpg?v=1730848788,1,"250 ml Sterile Disposable Vacuum Filter with 0.22 µm PES Membrane, 12/case"
lts-compatible-pipette-tips-low-rention-sterile-20-µl,https://cdn.shopify.com/s/files/1/2705/6740/files/lts_tips_75932865-7798-4c43-867f-38a47c6d0b09.jpg?v=1743803721,1,"20 µl LTS FILTER Pipette Tips, Low Retention, Sterile, No RNase, DNase, PCR Inhibitors, Pyrogens"
lts-compatible-pipette-tips-20-µl,https://cdn.shopify.com/s/files/1/2705/6740/files/lts_tips.jpg?v=1730748497,1,"20 µl LTS Pipette Tips, Low Retention, Sterile, No RNase, DNase, PCR Inhibitors, Pyrogens"
lts-compatible-pipette-tips-1000-µl,https://cdn.shopify.com/s/files/1/2705/6740/products/Unipet-Tips-range.012818_a77f47d8-d7e2-4f94-9cb2-9ae2dc30aea5.jpg?v=1522715449,1,"1000 µl LTS Pipette Tips, Low Retention, Sterile, No RNase, DNase, PCR Inhibitors, Pyrogens"
lts-compatible-pipette-tips-200-µl,https://cdn.shopify.com/s/files/1/2705/6740/products/Unipet-Tips-range.012818_a77f47d8-d7e2-4f94-9cb2-9ae2dc30aea5.jpg?v=1522715449,1,"200 µl LTS Pipette Tips, Low Retention, Sterile, No RNase, DNase, PCR Inhibitors, Pyrogens"
pcr-strip-8-tubes-with-attached-cap-120-strips-bag,https://cdn.shopify.com/s/files/1/2705/6740/files/8striptube_350x350_da2afdee-ec26-4576-bcb6-a0628ece0787_3.jpg?v=1729769165,1,PCR Strip 8-Tubes with Attached Cap 120 strips/bag
pcr-tubes-optically-clear-for-real-time-1000-bag,https://cdn.shopify.com/s/files/1/2705/6740/files/PCR-TUBE.only.012818_c37f4fac-6be9-4a9f-8df0-ff074c9a23e5.webp?v=1729768433,1,PCR Tubes Optically Clear for Real Time 1000/bag
pcr-strip-8-tubes-125-strips-bag,https://cdn.shopify.com/s/files/1/2705/6740/files/StripTubes-and-domedcaps-1.012818.webp?v=1729768355,1,PCR Strip 8-Tubes 125 strips/bag
pcr-tubes-domep-cap-1000-bag,https://cdn.shopify.com/s/files/1/2705/6740/files/PCR-TUBE.only.012818_1e6f6d97-33f7-4430-95a6-9759dfbe0762.webp?v=1729768127,1,PCR Tubes domep cap 1000/bag
pcr-tubes-flat-cap-1000-bag,https://cdn.shopify.com/s/files/1/2705/6740/files/PCR-TUBE.only.012818_1e6f6d97-33f7-4430-95a6-9759dfbe0762.webp?v=1729768127,1,PCR Tubes Flat cap 1000/bag
tc-9639-thermal-cycler-with-384-well-block,https://cdn.shopify.com/s/files/1/2705/6740/files/T5000-96-Gradient-Closed-Lid_750x_923aff7c-516d-42e2-bc3a-d53a96549572.webp?v=1727089644,1,TC 9639 Thermal Cycler with 384 well block
tc-9639-thermal-cycler-with-multiformat-block,https://cdn.shopify.com/s/files/1/2705/6740/files/T5000-96-Gradient-Closed-Lid_750x_923aff7c-516d-42e2-bc3a-d53a96549572.webp?v=1727089644,1,TC 9639 Thermal Cycler with multiformat block
multitherm-shaker-with-heating-only,https://cdn.shopify.com/s/files/1/2705/6740/files/MultiThermShaker_f3889c69-195e-4f54-a732-35169bca1aaf.jpg?v=1727089359,1,MultiTherm Shaker with heating only
incu-shaker™-10lr-with-non-slip-rubber-mat,https://cdn.shopify.com/s/files/1/2705/6740/files/H3020-H3022-600-X-600_27767a6c-d577-4470-be61-101c29ffef38.jpg?v=1731607410,1,Incu-Shaker™ 20LR with non-slip rubber mat
incu-shaker™-10l-with-non-slip-rubber-mat,https://cdn.shopify.com/s/files/1/2705/6740/files/H2010-600-x-600.jpg?v=1727089124,1,Incu-Shaker™ 10L with non-slip rubber mat
four-block-digital-dry-bath,https://cdn.shopify.com/s/files/1/2705/6740/files/BSH1000-series.webp?v=1727087724,1,Four-Block Digital Dry Bath
two-block-digital-dry-bath,https://cdn.shopify.com/s/files/1/2705/6740/files/BSH1000-series.webp?v=1727087724,1,Two-Block Digital Dry Bath
one-block-digital-dry-bath,https://cdn.shopify.com/s/files/1/2705/6740/files/BSH1000-series.webp?v=1727087724,1,One-Block Digital Dry Bath
bioclave™-28-autoclave,https://cdn.shopify.com/s/files/1/2705/6740/files/bioclaves.webp?v=1727087078,1,BioClave™ 28 Autoclave
bioclave-18-autoclave,https://cdn.shopify.com/s/files/1/2705/6740/files/bioclaves.webp?v=1727087078,1,BioClave 18 Autoclave
bioclave-mini,https://cdn.shopify.com/s/files/1/2705/6740/files/bioclaves.webp?v=1727087078,1,BioClave Mini
sticky-mats-24-x-36-inch,https://cdn.shopify.com/s/files/1/2705/6740/files/sticky_mats_17dde478-6496-4e05-834e-d9c47c33cb1c.jpg?v=1727083961,1,"Sticky Mats, 24 X 36 inch, 120/pack"
sticky-mats-18-x-36-inch,https://cdn.shopify.com/s/files/1/2705/6740/files/sticky_mats_17dde478-6496-4e05-834e-d9c47c33cb1c.jpg?v=1727083961,1,"Sticky Mats,18 X 36 inch, 120/pack"
aami-level-1-isolation-gowns-yellow-100-case,https://cdn.shopify.com/s/files/1/2705/6740/files/BAP_7991-yellow_gown.jpg?v=1727080133,1,Yellow Isolation Gowns - Disposable 100/Case
aami-level-1-isolation-gowns-yellow-100-case,https://cdn.shopify.com/s/files/1/2705/6740/files/xczuwbit2ncxudjn0lkh.webp?v=1768425630,2,Yellow Isolation Gowns - Disposable 100/Case
surgical-cap-24-inch-500-case,https://cdn.shopify.com/s/files/1/2705/6740/files/surgical_cap.020118.jpg?v=1727079111,1,Surgical Cap 24 inch 500/case
bouffant-cap-24-inch-1000-case,https://cdn.shopify.com/s/files/1/2705/6740/files/bouffant_cap.jpg?v=1727079035,1,Bouffant Cap 24 inch 1000/case
smart-glow-ld-loading-dye-1-ml,https://cdn.shopify.com/s/files/1/2705/6740/files/smartglow.jpg?v=1727078238,1,Smart Glow LD (Loading Dye) 1 ml
50-ml-self-standing-conical-tubes-sterile-bulk-500-case,https://cdn.shopify.com/s/files/1/2705/6740/files/1539764349257043852_750x_565f7961-db44-4cb1-bd6c-701e211c585a.webp?v=1727076826,1,"50 ml Self Standing Conical Tubes, Sterile, BULK, 500/case"
agarose-le-low-eeo-powder-1000-gm-molecular-biology-grade,https://cdn.shopify.com/s/files/1/2705/6740/files/EZ_agarose_tablet_750x_b4d51526-a5cd-40b4-99db-15b483db7f46.webp?v=1727075819,1,"Low EEO Agarose Tablets, Pack of 1000 Tablets, Molecular biology grade"
agarose-le-low-eeo-powder-200-gm-molecular-biology-grade,https://cdn.shopify.com/s/files/1/2705/6740/files/EZ_agarose_tablet_750x_b4d51526-a5cd-40b4-99db-15b483db7f46.webp?v=1727075819,1,"Low EEO Agarose Tablets, Pack of 200 Tablets, Molecular biology grade"
agarose-le-low-eeo-powder-100-gm-molecular-biology-grade,https://cdn.shopify.com/s/files/1/2705/6740/files/Agarose_powder_750x_854a8d04-5397-4b87-b942-7942f30b2537.webp?v=1727075682,1,"Agarose LE (Low EEO) powder, 500 gm, Molecular biology grade"
refill-96-refill-10-refills-case,https://cdn.shopify.com/s/files/1/2705/6740/files/pipette_tip_refill.jpg?v=1727073571,1,"10 µl Pipette Tips, No RNase, DNase, Endotoxin, PCR inhibitors, Refill, 96/refill, 10 refills/case"
bulk-1000-bag-1,https://cdn.shopify.com/s/files/1/2705/6740/files/Unipet-Tips-range.012818.webp?v=1727072734,1,"10 µl Pipette Tips, No RNase, DNase, Endotoxin, PCR inhibitors, Bulk, 1000/bag"
17-x-100-mm-culture-tubes-polystyrene-500-case,https://cdn.shopify.com/s/files/1/2705/6740/files/roundbottomculturetubeswithdualcap.webp?v=1727072280,1,17 X 100 mm Culture Tubes Polystyrene 500/case
17-x-100-mm-culture-tubes-polypropylene-500-case,https://cdn.shopify.com/s/files/1/2705/6740/files/roundbottomculturetubeswithdualcap.webp?v=1727072280,1,17 X 100 mm Culture Tubes Polypropylene 500/case
12-x-75-mm-culture-tubes-polystyrene-500-case,https://cdn.shopify.com/s/files/1/2705/6740/files/roundbottomculturetubeswithdualcap.webp?v=1727072280,1,12 X 75 mm Culture Tubes Polystyrene 500/case
12-x-75-mm-culture-tubes-polypropylene-500-case,https://cdn.shopify.com/s/files/1/2705/6740/files/roundbottomculturetubeswithdualcap.webp?v=1727072280,1,12 X 75 mm Culture Tubes Polypropylene 500/case
polycarbonate-flasks-1000-ml-12-pack,https://cdn.shopify.com/s/files/1/2705/6740/files/polycarbonateflask_750x_c9355db7-efcb-45ef-a6ad-00d8757559ab.webp?v=1727071736,1,Polycarbonate Flasks 1000 ml 6/pack
polycarbonate-flasks-500-ml-12-pack,https://cdn.shopify.com/s/files/1/2705/6740/files/polycarbonateflask_750x_c9355db7-efcb-45ef-a6ad-00d8757559ab.webp?v=1727071736,1,Polycarbonate Flasks 500 ml 6/pack
polycarbonate-flasks-250-ml-12-pack,https://cdn.shopify.com/s/files/1/2705/6740/files/polycarbonateflask_750x_c9355db7-efcb-45ef-a6ad-00d8757559ab.webp?v=1727071736,1,Polycarbonate Flasks 250 ml 12/pack
30-mm-sterile-syringe-filters-pes-0-22-µm-pore-size-sterile-45-box,https://cdn.shopify.com/s/files/1/2705/6740/files/11111SYRINGE_FILTER.093019.webp?v=1727070609,1,30 mm Sterile Syringe Filters PES 0.22 µm Pore Size Sterile 45/box
13-mm-sterile-syringe-filters-pes-0-22-µm-pore-size-sterile-100-box,https://cdn.shopify.com/s/files/1/2705/6740/files/11111SYRINGE_FILTER.093019.webp?v=1727070609,1,13 mm Sterile Syringe Filters PES 0.22 µm Pore Size Sterile 100/box
50-ml-serological-pipettes-individually-wrapped-sterile-100-case,https://cdn.shopify.com/s/files/1/2705/6740/files/serologiacal_pipette.jpg?v=1727070059,1,"50 ml Serological Pipettes, individually wrapped, sterile 100 case"
25-ml-serological-pipettes-individually-wrapped-sterile-150-case,https://cdn.shopify.com/s/files/1/2705/6740/files/serologiacal_pipette.jpg?v=1727070059,1,"25 ml Serological Pipettes, individually wrapped, sterile 150 case"
10-ml-serological-pipettes-individually-wrapped-sterile-200-case,https://cdn.shopify.com/s/files/1/2705/6740/files/serologiacal_pipette.jpg?v=1727070059,1,"10 ml Serological Pipettes, individually wrapped, sterile 200 case"
5-ml-serological-pipettes-individually-wrapped-sterile-200-case,https://cdn.shopify.com/s/files/1/2705/6740/files/serologiacal_pipette.jpg?v=1727070059,1,"5 ml Serological Pipettes, individually wrapped, sterile 200 case"
fetal-serum-bovine-heat-inactivated-500-ml-sterile-us-origin,https://cdn.shopify.com/s/files/1/2705/6740/files/FETALBOVINESERUM.042022_ff2330ce-86e6-403a-a64c-0ec0b8e3bf53.png?v=1727068905,1,"Fetal Bovine Serum, Heat Inactivated, 500 ml Sterile, US origin"
fetal-serum-bovine-500-ml-sterile-us-origin,https://cdn.shopify.com/s/files/1/2705/6740/files/FETALBOVINESERUM.042022_ff2330ce-86e6-403a-a64c-0ec0b8e3bf53.png?v=1727068905,1,"Fetal Bovine Serum, 500 ml/bottle, Sterile, US origin"
fetal-serum-bovine-100-ml-sterile-us-origin,https://cdn.shopify.com/s/files/1/2705/6740/files/FETALBOVINESERUM.042022_ff2330ce-86e6-403a-a64c-0ec0b8e3bf53.png?v=1727068905,1,"Fetal Bovine Serum, 100 ml/bottle, Sterile, US origin"
2-0-ml-cryogenic-vials-100-box,https://cdn.shopify.com/s/files/1/2705/6740/files/cryovials.jet052223.webp?v=1727068251,1,"2.0 ml Cryo Vials, 100/box"
1-5-ml-cryogenic-vials-100-box,https://cdn.shopify.com/s/files/1/2705/6740/files/cryovials.jet052223.webp?v=1727068251,1,"1.5 ml Cryo Vials, 100/box"
cell-strainers-100-μm-pore-size-yellow-frame-sterile-50-box-1-pack,https://cdn.shopify.com/s/files/1/2705/6740/files/CELL_STRAINERS.093019_750x_1bd8c55d-35b6-4623-a544-ea799086256e.webp?v=1726923300,1,Cell Strainers 100 μm pore size yellow frame sterile 50/box 1/pack
cell-strainers-70-μm-pore-size-white-frame-sterile-50-box-1-pack,https://cdn.shopify.com/s/files/1/2705/6740/files/CELL_STRAINERS.093019_750x_1bd8c55d-35b6-4623-a544-ea799086256e.webp?v=1726923300,1,Cell Strainers 70 μm pore size white frame sterile 50/box 1/pack
cell-strainers-40-μm-pore-size-blue-frame-sterile-50-box-1-pack,https://cdn.shopify.com/s/files/1/2705/6740/files/CELL_STRAINERS.093019_750x_1bd8c55d-35b6-4623-a544-ea799086256e.webp?v=1726923300,1,Cell Strainers 40 μm pore size blue frame sterile 50/box 1/pack
two-edge-cell-lifter-flat-blade-and-j-hook-cell-scrapers-individually-wrapped-sterile-100-box,https://cdn.shopify.com/s/files/1/2705/6740/files/20211101153621831_c4a8dffa-aeb4-4af4-9da3-c36eeab6d38f.webp?v=1726922905,1,"Two Edge Cell Lifter, Flat Blade and J-Hook Cell Scrapers, Individually Wrapped, Sterile, 100/box"
30-cm-cell-scrapers-individually-wrapped-sterile-100-box,https://cdn.shopify.com/s/files/1/2705/6740/files/cell_scraper_1_7a005c9d-c0b4-4305-9e50-9e719a587481.jpg?v=1726922905,1,30 cm Cell Scrapers Individually Wrapped Sterile 100/box
24-cm-cell-scrapers-individually-wrapped-sterile-100-box-1,https://cdn.shopify.com/s/files/1/2705/6740/files/cell_scraper_1_7a005c9d-c0b4-4305-9e50-9e719a587481.jpg?v=1726922905,1,24 cm Cell Scrapers Individually Wrapped Sterile 100/box
182cm-culture-flask-vent-cap-40-case,https://cdn.shopify.com/s/files/1/2705/6740/files/Cell_and_Tissue_Culture_Flask_6_750x_18fe7c37-c118-4f9d-ad52-14835aa10ef6.webp?v=1726922044,1,182cm² Culture Flask - Vent Cap 40/case
75cm-culture-flask-vent-cap-100-case,https://cdn.shopify.com/s/files/1/2705/6740/files/Cell_and_Tissue_Culture_Flask_6_750x_18fe7c37-c118-4f9d-ad52-14835aa10ef6.webp?v=1726922044,1,75cm² Culture Flask - Vent Cap 100/case
25cm-culture-flask-vent-cap-200-case,https://cdn.shopify.com/s/files/1/2705/6740/files/Cell_and_Tissue_Culture_Flask_6_750x_18fe7c37-c118-4f9d-ad52-14835aa10ef6.webp?v=1726922044,1,25cm² Culture Flask - Vent Cap 200/case
150-mm-cell-culture-plates-100-case,https://cdn.shopify.com/s/files/1/2705/6740/files/TCDishes_1_750x_39abb506-4f57-43f4-8926-e9a92b4f8941.webp?v=1726921690,1,150 mm Cell Culture Plates 100/case
100-mm-cell-culture-plates-300-case,https://cdn.shopify.com/s/files/1/2705/6740/files/TCDishes_1_750x_39abb506-4f57-43f4-8926-e9a92b4f8941.webp?v=1726921690,1,100 mm Cell Culture Plates 300/case
polystyrene-2-ml-aspirating-pipettes-individually-wrapped-sterile-500-case,https://cdn.shopify.com/s/files/1/2705/6740/files/AspiratingPipet_750x_c83b17c3-5b14-4d6b-9793-ede078803433.webp?v=1726921157,1,"Polystyrene 2 ml Aspirating Pipettes, individually wrapped, sterile, 500/case"
polystyrene-2-ml-aspirating-pipettes-individually-wrapped-sterile-500-case,https://cdn.shopify.com/s/files/1/2705/6740/files/9_inch_pipette_4f1bab44-e842-4a07-90e5-cc8e42e4473a.webp?v=1726921157,2,"Polystyrene 2 ml Aspirating Pipettes, individually wrapped, sterile, 500/case"
polystyrene-2-ml-aspirating-pipettes-individually-wrapped-sterile-500-case,https://cdn.shopify.com/s/files/1/2705/6740/files/Aspirating_Pipet_750x_79ab8f65-c7aa-49dd-b033-70e771294d54.webp?v=1726921157,3,"Polystyrene 2 ml Aspirating Pipettes, individually wrapped, sterile, 500/case"
polystyrene-9-inch-aspirating-pipettes-individually-wrapped-sterile-200-case,https://cdn.shopify.com/s/files/1/2705/6740/files/9_inch_pipette_4f1bab44-e842-4a07-90e5-cc8e42e4473a.webp?v=1726921157,1,"Polystyrene 9-inch Aspirating Pipettes, individually wrapped, sterile, 200/case"
polystyrene-9-inch-aspirating-pipettes-individually-wrapped-sterile-200-case,https://cdn.shopify.com/s/files/1/2705/6740/files/Aspirating_Pipet_750x_79ab8f65-c7aa-49dd-b033-70e771294d54.webp?v=1726921157,2,"Polystyrene 9-inch Aspirating Pipettes, individually wrapped, sterile, 200/case"
polystyrene-9-inch-aspirating-pipettes-individually-wrapped-sterile-200-case,https://cdn.shopify.com/s/files/1/2705/6740/files/AspiratingPipet_750x_c83b17c3-5b14-4d6b-9793-ede078803433.webp?v=1726921157,3,"Polystyrene 9-inch Aspirating Pipettes, individually wrapped, sterile, 200/case"
polystyrene-5-75-inch-aspirating-pipettes-individually-wrapped-sterile-200-case,https://cdn.shopify.com/s/files/1/2705/6740/files/9_inch_pipette_4f1bab44-e842-4a07-90e5-cc8e42e4473a.webp?v=1726921157,1,"Polystyrene 5.75 inch Aspirating Pipettes, individually wrapped, sterile, 200/case"
polystyrene-5-75-inch-aspirating-pipettes-individually-wrapped-sterile-200-case,https://cdn.shopify.com/s/files/1/2705/6740/files/Aspirating_Pipet_750x_79ab8f65-c7aa-49dd-b033-70e771294d54.webp?v=1726921157,2,"Polystyrene 5.75 inch Aspirating Pipettes, individually wrapped, sterile, 200/case"
polystyrene-5-75-inch-aspirating-pipettes-individually-wrapped-sterile-200-case,https://cdn.shopify.com/s/files/1/2705/6740/files/AspiratingPipet_750x_c83b17c3-5b14-4d6b-9793-ede078803433.webp?v=1726921157,3,"Polystyrene 5.75 inch Aspirating Pipettes, individually wrapped, sterile, 200/case"
polystyrene-spectrophotometer-clear-cuvettes-disposable-4-0-ml-100-case,https://cdn.shopify.com/s/files/1/2705/6740/files/Cuvette_2_1100x_8266af95-56fb-4ead-9e6b-5d2ef6cd0dfe.webp?v=1726917860,1,"Disposable Polystyrene Spectrophotometer 4.5 ml with 4 clear sides Cuvettes, 100/case"
polystyrene-spectrophotometer-micro-cuvettes-disposable-1-5ml-100-case,https://cdn.shopify.com/s/files/1/2705/6740/files/Cuvette_2_1100x_8266af95-56fb-4ead-9e6b-5d2ef6cd0dfe.webp?v=1726917860,1,"Disposable Polystyrene Spectrophotometer 1.5 ml Micro Cuvettes, 100/case"
heavy-duty-8-mil-nitrile-exam-12-powder-free-gloves-500-case-xxl,https://cdn.shopify.com/s/files/1/2705/6740/files/ultra-high-risk-gloves.jpg?v=1726916951,1,"Heavy Duty 8 Mil Nitrile Exam 12"" Powder Free Gloves, 500/case, XXL"
heavy-duty-8-mil-nitrile-exam-12-powder-free-gloves-500-case-extra-large,https://cdn.shopify.com/s/files/1/2705/6740/files/ultra-high-risk-gloves.jpg?v=1726916951,1,"Heavy Duty 8 Mil Nitrile Exam 12"" Powder Free Gloves, 500/case, Extra Large"
heavy-duty-8-mil-nitrile-exam-12-powder-free-gloves-500-case-large,https://cdn.shopify.com/s/files/1/2705/6740/files/ultra-high-risk-gloves.jpg?v=1726916951,1,"Heavy Duty 8 Mil Nitrile Exam 12"" Powder Free Gloves, 500/case, Large"
heavy-duty-8-mil-nitrile-exam-12-powder-free-gloves-500-case-medium,https://cdn.shopify.com/s/files/1/2705/6740/files/ultra-high-risk-gloves.jpg?v=1726916951,1,"Heavy Duty 8 Mil Nitrile Exam 12"" Powder Free Gloves, 500/case, Medium"
heavy-duty-8-mil-nitrile-exam-12-powder-free-gloves-500-case-small,https://cdn.shopify.com/s/files/1/2705/6740/files/ultra-high-risk-gloves.jpg?v=1726916951,1,"Heavy Duty 8 Mil Nitrile Exam 12"" Powder Free Gloves, 500/case, Small"
black-nitrile-exam-gloves-powder-free-extra-large-6-mil-1000-box,https://cdn.shopify.com/s/files/1/2705/6740/files/blacknitrileglove_81696d49-11a4-4de0-899f-0ffe53633b62.jpg?v=1726916064,1,"Black Nitrile Exam Gloves, Powder-Free, Extra Large 6 mil, 1000/box"
black-nitrile-exam-gloves-powder-free-large-6-mil-1000-box,https://cdn.shopify.com/s/files/1/2705/6740/files/blacknitrileglove_81696d49-11a4-4de0-899f-0ffe53633b62.jpg?v=1726916064,1,"Black Nitrile Exam Gloves, Powder-Free, Large 6 mil, 1000/box"
black-nitrile-exam-gloves-powder-free-medium-6-mil-1000-box,https://cdn.shopify.com/s/files/1/2705/6740/files/blacknitrileglove_81696d49-11a4-4de0-899f-0ffe53633b62.jpg?v=1726916064,1,"Black Nitrile Exam Gloves, Powder-Free, Medium 6 mil, 1000/box"
black-nitrile-exam-gloves-powder-free-small-6-mil-1000-box,https://cdn.shopify.com/s/files/1/2705/6740/files/blacknitrileglove_81696d49-11a4-4de0-899f-0ffe53633b62.jpg?v=1726916064,1,"Black Nitrile Exam Gloves, Powder-Free, Small 6 mil, 1000/box"
soft-nitrile-powder-free-gloves-3-5-mil-extra-large-2000-case-10-boxes,https://cdn.shopify.com/s/files/1/2705/6740/files/Nitrile3.5milsoftgloves.0422.webp?v=1726915129,1,"Soft Nitrile, Powder Free Gloves, 4 mil thick, Extra Large 2000/Case (10 boxes)"
soft-nitrile-powder-free-gloves-3-5-mil-large-2000-case-10-boxes,https://cdn.shopify.com/s/files/1/2705/6740/files/Nitrile3.5milsoftgloves.0422.webp?v=1726915129,1,"Soft Nitrile, Powder Free Gloves, 4 mil thick, Large, 2000/Case (10 boxes)"
soft-nitrile-powder-free-gloves-3-5-mil-medium-2000-case-10-boxes,https://cdn.shopify.com/s/files/1/2705/6740/files/Nitrile3.5milsoftgloves.0422.webp?v=1726915129,1,"Soft Nitrile, Powder Free Gloves, 4 mil thick, Medium, 2000/Case (10 boxes)"
soft-nitrile-powder-free-gloves-3-5-mil-small-2000-case-10-boxes,https://cdn.shopify.com/s/files/1/2705/6740/files/Nitrile3.5milsoftgloves.0422.webp?v=1726915129,1,"Soft Nitrile, Powder Free Gloves, 4 mil thick, Small 2000/Case (10 boxes)"
soft-nitrile-powder-free-gloves-3-5-mil-extra-small-2000-case-10-boxes,https://cdn.shopify.com/s/files/1/2705/6740/files/Nitrile3.5milsoftgloves.0422.webp?v=1726915129,1,"Soft Nitrile, Powder Free Gloves, 4 mil thick, Extra Small 2000/Case (10 boxes)"
nitrile-gloves-powder-free-4-0-mil-extra-small-2000-case,https://cdn.shopify.com/s/files/1/2705/6740/files/download_49d4f227-465e-49d6-a630-5c040aeb1b1a.jpg?v=1726911400,1,"Nitrile Gloves, Powder Free, 4.0 mil, Extra Small, 1000/case"
nitrile-gloves-powder-free-4-0-mil-extra-large-2000-case,https://cdn.shopify.com/s/files/1/2705/6740/files/download_49d4f227-465e-49d6-a630-5c040aeb1b1a.jpg?v=1726911400,1,"Nitrile Gloves, Powder free, 4.0 mil, Extra Large, 1000/case"
nitrile-gloves-powder-free-4-0-mil-large-1000-case,https://cdn.shopify.com/s/files/1/2705/6740/files/download_49d4f227-465e-49d6-a630-5c040aeb1b1a.jpg?v=1726911400,1,"Nitrile Gloves, Powder Free, 4.0 mil, Large, 1000/case"
nitrile-gloves-powder-free-4-0-mil-medium-1000-case,https://cdn.shopify.com/s/files/1/2705/6740/files/download_49d4f227-465e-49d6-a630-5c040aeb1b1a.jpg?v=1726911400,1,"Nitrile Gloves, Powder Free, 4.0 mil, Medium, 1000/case"
nitrile-gloves-powder-free-4-0-mil-small-1000-case,https://cdn.shopify.com/s/files/1/2705/6740/files/download_49d4f227-465e-49d6-a630-5c040aeb1b1a.jpg?v=1726911400,1,"Nitrile Gloves, Powder Free, 4.0 mil, Small, 1000/case"
disposable-latex-gloves-powder-free-1000-case-10-boxes-extra-large,https://cdn.shopify.com/s/files/1/2705/6740/files/powderfreelatexglove.webp?v=1726906746,1,"Disposable Latex Gloves, Powder-Free, 1000/case (10 boxes), Extra Large"
disposable-latex-gloves-powder-free-1000-case-10-boxes-large,https://cdn.shopify.com/s/files/1/2705/6740/files/powderfreelatexglove.webp?v=1726906746,1,"Disposable Latex Gloves, Powder-Free, 1000/case (10 boxes), Large"
disposable-latex-gloves-powder-free-1000-case-10-boxes-medium,https://cdn.shopify.com/s/files/1/2705/6740/files/powderfreelatexglove.webp?v=1726906746,1,"Disposable Latex Gloves, Powder-Free, 1000/case (10 boxes), Medium"
disposable-latex-gloves-powder-free-1000-case-10-boxes-small,https://cdn.shopify.com/s/files/1/2705/6740/files/powderfreelatexglove.webp?v=1726906746,1,"Disposable Latex Gloves, Powder-Free, 1000/case (10 boxes), Small"
disposable-latex-gloves-powder-free-1000-case-10-boxes-extra-small,https://cdn.shopify.com/s/files/1/2705/6740/files/powderfreelatexglove.webp?v=1726906746,1,"Disposable Latex Gloves, Powder-Free, 1000/case (10 boxes) Extra Small"
2-0-ml-screw-cap-tubes-sterile-500-bag,https://cdn.shopify.com/s/files/1/2705/6740/files/green1.5ml.jpg?v=1731701221,1,"1.5 ml Attached Screw cap tubes with Silicone Gasket, sterile, 500/bag"
2-0-ml-microcentrifuge-tubes-500-bag-1,https://cdn.shopify.com/s/files/1/2705/6740/products/1.7TUBE.012818.jpg?v=1570644201,1,2.0 ml Microcentrifuge Tubes 500/bag
0-5-ml-microcentrifuge-tubes-1000-bag-1,https://cdn.shopify.com/s/files/1/2705/6740/products/1.7TUBE.012818.jpg?v=1570644201,1,0.5 ml Microcentrifuge Tubes 1000/bag
1-7-ml-microcentrifuge-tubes-1000-bag-1,https://cdn.shopify.com/s/files/1/2705/6740/products/1.7TUBE.012818.jpg?v=1570644201,1,1.7 ml Microcentrifuge Tubes 1000/bag
fastpette-pro-ultimate-pipette-controller-copy,https://cdn.shopify.com/s/files/1/2705/6740/files/accupette.jpg?v=1714763764,1,AccuPette Motorized Pipette Controller
t5000-a-is,https://cdn.shopify.com/s/files/1/2705/6740/products/TC9639-InSitu-Adapter-website-2020.jpg?v=1699552755,1,T5000-A-IS
t5000-384,https://cdn.shopify.com/s/files/1/2705/6740/products/T5000-96-Gradient-Closed-Lid-website-2020.jpg?v=1699552752,1,T5000-384
sb0012-t5,https://cdn.shopify.com/s/files/1/2705/6740/files/SB0012-T5.jpg?v=1700258150,1,Optional rack for 0.5 ml microtubes
sb0012-t1520,https://cdn.shopify.com/s/files/1/2705/6740/files/SB0012-T1520-1.jpg?v=1700258092,1,Optional rack for 1.5/2.0 ml microtubes
r4045-rp2,https://cdn.shopify.com/s/files/1/2705/6740/products/R4045-RP2-HREM.jpg?v=1699552744,1,R4045-RP2
r4045,https://cdn.shopify.com/s/files/1/2705/6740/products/R4040-Series-600-x-600_e9cfcc39-ae34-42b8-b143-9016051011c3.jpg?v=1699552742,1,R4045
r4040-rp,https://cdn.shopify.com/s/files/1/2705/6740/products/R4040-RP-HREM.jpg?v=1699552740,1,R4040-RP
r4040-hz50,https://cdn.shopify.com/s/files/1/2705/6740/products/R4040-HZ50-web.jpg?v=1699552738,1,R4040-HZ50
r4040-hz15,https://cdn.shopify.com/s/files/1/2705/6740/products/R4040-HZ15-web.jpg?v=1699552735,1,R4040-HZ15
r4040-500,https://cdn.shopify.com/s/files/1/2705/6740/products/R4040-500_web.jpg?v=1699552733,1,R4040-500
r4040-1520,https://cdn.shopify.com/s/files/1/2705/6740/products/R4040-1520-WEB.jpg?v=1699552731,1,R4040-1520
r4040-150,https://cdn.shopify.com/s/files/1/2705/6740/products/R4040-150-WEB.jpg?v=1699552729,1,R4040-150
r4040,https://cdn.shopify.com/s/files/1/2705/6740/products/R4040-Series-600-x-600.jpg?v=1699552726,1,"RotoBotâ Mini Programmable Rotator, includes holders for 12x1.5ml, 2x15ml and 2x50ml"
r3010,https://cdn.shopify.com/s/files/1/2705/6740/products/R3010-Digital-TubeRoller-NEW.jpg?v=1699552724,1,TubeRoller with 10 rollers
r3005,https://cdn.shopify.com/s/files/1/2705/6740/products/R3005-Digital-TubeRoller-NEW.jpg?v=1699552722,1,TubeRoller with 5 rollers
r2024,https://cdn.shopify.com/s/files/1/2705/6740/products/R2020-Included-tube-Holders-600x600-1_49490c07-0a82-4618-aa09-9be27f0d7459.jpg?v=1699552719,1,"Roto-Mini™ Plus Rotator, Variable Speed"
r2020-rp,https://cdn.shopify.com/s/files/1/2705/6740/products/R2020-RP-web.jpg?v=1699552717,1,"Mini rocking platform with rubber mat, 4.5 x 3 in (R2024 only)"
r2020-pcr,https://cdn.shopify.com/s/files/1/2705/6740/products/R2020-PCR-web.jpg?v=1699552715,1,"Tube holder, 96 x 0.2ml, 12 x PCR strips or one PCR plate (R2024 only)"
r2020-500,https://cdn.shopify.com/s/files/1/2705/6740/products/R2020-500-web.jpg?v=1699552713,1,"Tube holder, 6 x 50ml (and 24 x 0.5ml), 1 each (included)"
r2020-1520,https://cdn.shopify.com/s/files/1/2705/6740/products/R2020-1520-web.jpg?v=1699552710,1,"Tube holder, 11 x 1.5/2.0ml, 2/pk (1 pack included)"
r2020-150,https://cdn.shopify.com/s/files/1/2705/6740/products/R2020-150-web.jpg?v=1699552708,1,"Tube holder, 5 x 10-15ml, 2/pk (1 pack included)"
r2020-0507,https://cdn.shopify.com/s/files/1/2705/6740/products/R2020-0507-web.jpg?v=1699552706,1,"Tube holder, 5 x 5-7ml, 2/pk (1 pack included)"
r2020,https://cdn.shopify.com/s/files/1/2705/6740/products/R2020-Included-tube-Holders-600x600-1.jpg?v=1699552704,1,"RotoMini™ Tube Rotator, Fixed Speed"
r1000,https://cdn.shopify.com/s/files/1/2705/6740/products/R1000-CoolCube-WEbsite-2020.jpg?v=1699552701,1,CoolCube™ Microtube and PCR Plate Cooler
m2100,https://cdn.shopify.com/s/files/1/2705/6740/products/M2100-600-x-600.jpg?v=1699552697,1,Benchmark Scientific M2100 Tube Rocker for Laboratory Tubes
ips7101-group,https://cdn.shopify.com/s/files/1/2705/6740/products/IPS7101-600x600-1_c0bf0c32-941f-42fa-a145-1e31110033b1.jpg?v=1699552694,1,Benchmark™ Industrial High-Capacity Stirrers
ips7101-50,https://cdn.shopify.com/s/files/1/2705/6740/products/IPS7101-600x600-1_f318d578-b4e8-4091-8d8b-dfc86a38fbcf.jpg?v=1699552692,1,50 Liter Industrial High Capacity Stirrer
ips7101-150,https://cdn.shopify.com/s/files/1/2705/6740/products/IPS7101-600x600-1.jpg?v=1699552689,1,150 Liter Industrial High Capacity Stirrer
ips7000-5,https://cdn.shopify.com/s/files/1/2705/6740/products/IPS7000-5-High-Capacity-Stirrer-HR-EM.jpg?v=1699552687,1,Industrial 5i-Position Hotplate Stirrer
ips7000-10,https://cdn.shopify.com/s/files/1/2705/6740/products/IPS7000-10-High-Capacity-Stirrer-HR-V2-600x600-1.jpg?v=1699552685,1,Industrial 10-Position Hotplate Stirrers
ips2050-p-t4,https://cdn.shopify.com/s/files/1/2705/6740/products/IPS2050-P-T4-600-x-600.jpg?v=1699552682,1,"4 Arm Propeller, PTFE"
ips2050-p-t3,https://cdn.shopify.com/s/files/1/2705/6740/products/IPS2050-P-T3-600-x-600.jpg?v=1699552680,1,"Paddle w/flat holes, PTFE"
ips2050-p-t2,https://cdn.shopify.com/s/files/1/2705/6740/products/IPS2050-P-T2-600-x-600.jpg?v=1699552679,1,"Centrifugal impeller, PTFE"
ips2050-p-t1,https://cdn.shopify.com/s/files/1/2705/6740/products/IPS2050-P-T1-600-x-600.jpg?v=1699552677,1,"One line propeller, PTFE"
ips2050-p-s4,https://cdn.shopify.com/s/files/1/2705/6740/products/IPS2050-P-S4-600-x-600.jpg?v=1699552675,1,"4 Arm Propeller, Stainless Steel"
ipd9600-ck,https://cdn.shopify.com/s/files/1/2705/6740/products/IPD9600-CK-Cryo-Kit-600x600-1.jpg?v=1699552667,1,"Cryo Kit, contains bucket, gloves, goggles and tongs"
ipd9600-bd5,https://cdn.shopify.com/s/files/1/2705/6740/products/IPD9600-BD-28.-600x600-1_5e17017c-72b7-46e1-87bc-c1c25cb6d977.jpg?v=1699552665,1,96 well ball dropper for 5mm balls
ipd9600-bd4,https://cdn.shopify.com/s/files/1/2705/6740/products/IPD9600-BD-28.-600x600-1_9704b001-c571-470b-8390-be8694097d1b.jpg?v=1699552664,1,96 well ball dropper for 4mm balls
ipd9600-bd28,https://cdn.shopify.com/s/files/1/2705/6740/products/IPD9600-BD-28.-600x600-1.jpg?v=1699552662,1,96 well ball dropper for 2.8mm balls
ipd9600-96a2,https://cdn.shopify.com/s/files/1/2705/6740/products/IPD9600-1520-600-x-600.jpg?v=1699552659,1,"Tube rack for 96 well adapter 20 x 2.0ml, pack of 2"
ipd9600-96,https://cdn.shopify.com/s/files/1/2705/6740/products/IPD9600-B96-600-x-600.jpg?v=1699552657,1,"Tube rack for 96 well adapter 20 x 2.0ml, pack of 2"
ipd9600-50t,https://cdn.shopify.com/s/files/1/2705/6740/products/IPD9600-50T-Adapter-for-4x50mL-tubes-600x600-1.jpg?v=1699552655,1,"Adapter for 4x50ml tubes, set of 2"
ipd9600-50g,https://cdn.shopify.com/s/files/1/2705/6740/products/IPD9600-50G-Gasket-50ml-600x600.jpg?v=1699552653,1,"Replacement gasket for IPD9600-50S, each"
ipd9600-4pc,https://cdn.shopify.com/s/files/1/2705/6740/products/IPD9600-4PC-600x600.jpg?v=1699552649,1,"4ml polycarbonate vial, bag of 240, for use with 3/8” SS grinding ball"
ipd9600-48,https://cdn.shopify.com/s/files/1/2705/6740/products/IPD9600-48-600-x-600.jpg?v=1699552647,1,"Adapter for 48/4ml PC or PE vials, set of 2, aluminum, requires"
ipd9600-3858-1,https://cdn.shopify.com/s/files/1/2705/6740/products/IPD9600-3858-1-600-X-600.jpg?v=1699552642,1,"Ceramic grinding bars 3/8X5/8, 45°, angled medium ceramic homogenizers pack of 100"
ipd9600-35zo,https://cdn.shopify.com/s/files/1/2705/6740/products/IPD9600-35ZO-Zirconium-Jar-600x600-1.jpg?v=1699552640,1,"Zirconium Oxide jar 35ml, set of 2"
ipd9600-25bs,https://cdn.shopify.com/s/files/1/2705/6740/products/IPD9600-25BS-Steel-Grinding-Balls-25mm-600x600.jpg?v=1699552636,1,"25mm stainless steel grinding ball, each"
ipd9600-10bs,https://cdn.shopify.com/s/files/1/2705/6740/products/IPD9600-10BS-Steel-Grinding-Balls-10mm-600x600-1.jpg?v=1699552634,1,"10mm stainless steel grinding ball, each"
h5100-hl,https://cdn.shopify.com/s/files/1/2705/6740/products/H5100-HL-Block-600-x-600.jpg?v=1699552619,1,Heated lid for MultiTherm Touch
h5100-cmb,https://cdn.shopify.com/s/files/1/2705/6740/products/H5100-CMB-Block-600-x-600.jpg?v=1699552617,1,"Combination block, 15x0.5ml and 20x1.5ml"
h5100-500,https://cdn.shopify.com/s/files/1/2705/6740/products/H5100-500-Block-600-x-600.jpg?v=1699552615,1,"Block, 4x50ml"
h5100-20,https://cdn.shopify.com/s/files/1/2705/6740/products/H5100-20-Block-600-x-600.jpg?v=1699552613,1,"Block, 35x2ml"
h5100-150,https://cdn.shopify.com/s/files/1/2705/6740/products/H5100-150-Block-600-x-600.jpg?v=1699552611,1,"Block, 8x15ml"
h5100-15,https://cdn.shopify.com/s/files/1/2705/6740/products/H5100-15-Block-600-x-600.jpg?v=1699552609,1,"Block, 35x1.5ml"
h5100-05,https://cdn.shopify.com/s/files/1/2705/6740/products/H5100-05-Block-600-x-600.jpg?v=1699552607,1,"Block, 35x0.5ml"
h5000-wb,https://cdn.shopify.com/s/files/1/2705/6740/products/H5000-WB-600-x-600.jpg?v=1699552605,1,"Block, for liquids, beads, etc. (chamber: 4 x 2.6 x 1"")"
h5000-mp,https://cdn.shopify.com/s/files/1/2705/6740/products/H5000-MP.gif?v=1699552603,1,"Block, 1 x microplate (Ambi.-10° to 60°C)"
h5000-dwmp,https://cdn.shopify.com/s/files/1/2705/6740/products/H5000-DWMP.jpg?v=1699552595,1,"Block, 1 x deep well microplate (max. height, 54 mm)"
h5000-cu,https://cdn.shopify.com/s/files/1/2705/6740/products/H5000-CU-600-X-600.jpg?v=1699552593,1,"Block, custom drilled, for tubes/vials up to 40 mm tall"
h5000-cmb,https://cdn.shopify.com/s/files/1/2705/6740/products/H5000-CMB.gif?v=1699552590,1,"Block, combination, 15 x 0.5 ml & 20 x 1.5 ml"
h5000-5mt,https://cdn.shopify.com/s/files/1/2705/6740/products/H5000-5MT.gif?v=1699552588,1,"Block, 15 x 5 ml centrifuge tubes (conical)"
h5000-500,https://cdn.shopify.com/s/files/1/2705/6740/products/H5000-500.gif?v=1699552586,1,"Block, 6 x 50 ml (200-750 rpm/Ambi.-10° to 100°C)"
h5000-20,https://cdn.shopify.com/s/files/1/2705/6740/products/H5000-20.gif?v=1699552584,1,"Block, 35 x 2.0 ml"
h5000-150,https://cdn.shopify.com/s/files/1/2705/6740/products/H5000-150.gif?v=1699552582,1,"Block, 12 x 15 ml (200-750 rpm/Ambi.-10°C to 100°C)"
h5000-15,https://cdn.shopify.com/s/files/1/2705/6740/products/H5000-15-1.jpg?v=1699552580,1,"Block, 35 x 1.5 ml"
h5000-1232,https://cdn.shopify.com/s/files/1/2705/6740/products/H5000-1232-600-x-600.jpg?v=1699552578,1,"Block, 24 x 2 ml HPLC / Autosampler vials (12 x 28 mm)"
h5000-12,https://cdn.shopify.com/s/files/1/2705/6740/products/H5000-12-1.gif?v=1699552576,1,"Block, 24 x 12 mm (200-1200 rom/Ambi.-10°C to 100°C)"
h5000-05,https://cdn.shopify.com/s/files/1/2705/6740/products/H5000-05.jpg?v=1699552574,1,"Block, 54 x 0.5 ml"
h5000-02,https://cdn.shopify.com/s/files/1/2705/6740/products/H5000-02.gif?v=1699552572,1,"Block, 96 x 0.2 ml or 1 PCR"
h3d1020,https://cdn.shopify.com/s/files/1/2705/6740/products/H3D-1020-600-X-600.jpg?v=1699552566,1,"Mini nutating rocker, 6x8"" platform,115V"
h3770-s,https://cdn.shopify.com/s/files/1/2705/6740/products/H3770-S.gif?v=1699552562,1,Benchmark Digital Magnetic Stirrer
h3770-hs,https://cdn.shopify.com/s/files/1/2705/6740/products/H3770-HS.gif?v=1699552557,1,"Digital Hotplate Stirrer, 7 in x 7 in, 115 V"
h3770-h,https://cdn.shopify.com/s/files/1/2705/6740/products/H3770-H.gif?v=1699552555,1,H3770-H
h3710-s,https://cdn.shopify.com/s/files/1/2705/6740/products/H3710-S-10-x-10-Magnetic-Stirrer-web-size.jpg?v=1699552548,1,"Digital Magnetic Stirrer, 10x10"""
h3710-hs,https://cdn.shopify.com/s/files/1/2705/6740/products/H3710-HS-10-x-10-Hotplate-web-size.jpg?v=1699552546,1,"Digital Hotplate Stirrer, 10x10"""
h3710-h,https://cdn.shopify.com/s/files/1/2705/6740/products/H3710-H-10-x-10-Hotplate-web-size.jpg?v=1699552543,1,"Digital Hotplate, 10x10"""
h3565-45-lci,https://cdn.shopify.com/s/files/1/2705/6740/products/H3565-LCI-IncuView-Images-600-x-600_e5ce341d-fbc6-4c52-ba9a-0b1ead5e6873.jpg?v=1699552538,1,"IncuView™ Integrated Microscope Shelf, 45 Liter"
h3565-45,https://cdn.shopify.com/s/files/1/2705/6740/products/H3565-Open-Door-600-x-600.jpg?v=1699552536,1,"SureTherm CO₂ Incubator 45 Liter, with two shelves"
h3565-180-lci,https://cdn.shopify.com/s/files/1/2705/6740/products/H3565-LCI-IncuView-Images-600-x-600.jpg?v=1699552533,1,"IncuView™ Integrated Microscope Shelf, 180 Liter"
h3565-180hdo2,https://cdn.shopify.com/s/files/1/2705/6740/products/H3565-180-600-x-600_8a8ae237-d91a-460e-8019-c721cf2babb6.jpg?v=1699552531,1,"SureTherm CO₂ Incubator, 180 Liter with High Heat Decontamination, split window door and O₂ control"
h3565-180,https://cdn.shopify.com/s/files/1/2705/6740/products/H3565-180-600-x-600.jpg?v=1699552527,1,"SureTherm CO₂ Incubator 180 Liter, with three shelves"
h3551-45p,https://cdn.shopify.com/s/files/1/2705/6740/products/H3551-45P-Open-WeRes.jpg?v=1699552525,1,"ST-45 Plus CO2 Incubator, 45L, with 2 shelves"
h3551-180p,https://cdn.shopify.com/s/files/1/2705/6740/products/H3551-180P-CO2-Incubator-Closed-HR-EM.jpg?v=1699552523,1,"ST-180 Plus CO2 Incubator, 180L, with 3 shelves"
h3550-45-sk,https://cdn.shopify.com/s/files/1/2705/6740/products/H3550-180-SK-600-X-600_e39f0ede-113d-4143-aa38-1009d78b8f9c.jpg?v=1699552520,1,Stacking kit for 45 liter incubator Quantity
h3550-45-sh,https://cdn.shopify.com/s/files/1/2705/6740/products/H3550-SH-600-x-600_cf3c8a6b-9c8c-4c2c-b89a-e18b3a1c17d9.jpg?v=1699552518,1,"Additional Shelf for 45 liter incubators, 1 each"
h3550-45,https://cdn.shopify.com/s/files/1/2705/6740/products/H3550-CO2-Incubator-ST-45-Open-scaled.jpg?v=1699552516,1,"ST-45 Plus CO2 Incubator, 45L, with 2 shelves"
h3550-180-sk,https://cdn.shopify.com/s/files/1/2705/6740/products/H3550-180-SK-600-X-600.jpg?v=1699552514,1,Stacking kit for 180 liter incubator
h2505-70sh,https://cdn.shopify.com/s/files/1/2705/6740/products/H2505-SH-600-X-600_9caaa88e-ab0d-412b-88e6-8f3dec72c0ed.jpg?v=1699552507,1,"Extra shelf, stainless steel for H2505-70"
h2505-70,https://cdn.shopify.com/s/files/1/2705/6740/products/H2505-inside.gif?v=1699552505,1,"SureTemp™ Dual Convection Incubator, 70L"
h2505-40,https://cdn.shopify.com/s/files/1/2705/6740/products/Advanced-heating-tech.gif?v=1699552500,1,"SureTemp™ Dual Convection Incubator, 40L"
h2505-130,https://cdn.shopify.com/s/files/1/2705/6740/products/H2505-close-up.gif?v=1699552496,1,"SureTemp™ Dual Convection Incubator, 130L"
h2300-sh,https://cdn.shopify.com/s/files/1/2705/6740/products/H2300-SH.jpg?v=1699552494,1,"Extra Shelf, 10.5 x 8 in. Stainless steel (autoclavable)"
h2200-sh,https://cdn.shopify.com/s/files/1/2705/6740/products/H2200-SH-600-X-600.jpg?v=1699552489,1,"Extra shelf, 10.5 x 8 in. plastic (not autoclavable)"
h2200-hc,https://cdn.shopify.com/s/files/1/2705/6740/products/H2200-600-X-600_ed627a81-d6bd-41cf-98c6-517dc4601236.jpg?v=1699552486,1,"myTemp™ Mini, heat & cool (ambient -15 to 60°C), incl. 2 shelves"
h1010-sh,https://cdn.shopify.com/s/files/1/2705/6740/products/H1010-SH-Interior-Shelf.jpg?v=1699552480,1,"Shelf, 14 x 5.5"" for Petri dishes, plates, trays, etc."
h1010-p-sp,https://cdn.shopify.com/s/files/1/2705/6740/products/H1010-P-SP-Spring-Plat-for-H1010-HREM.jpg?v=1699552477,1,Universal Spring Platform
h1010-p-mp,https://cdn.shopify.com/s/files/1/2705/6740/products/H1010-P-MP-Microplate-Plat-for-H1010-HREM.jpg?v=1699552475,1,"Platform, holds 6 standard micro plates"
h1010-mr,https://cdn.shopify.com/s/files/1/2705/6740/products/H1010-MR-MAGic-Clamp-Platform-HR-EM.jpg?v=1699552471,1,"MAGic Clamp™ Universal Platform 18 x 18"" (for flasks/tubes)"
h1000-p-mp,https://cdn.shopify.com/s/files/1/2705/6740/products/H1000-P-MP-600-X-600.jpg?v=1699552467,1,"Dedicated Platform, holds 4 standard micro plates"
h1000-p-500,https://cdn.shopify.com/s/files/1/2705/6740/products/H1000-P-500-PLATFORM-500X5-HR-EM.jpg?v=1699552465,1,"Dedicated Platform, 5 x 500ml Erlenmeyer flasks"
h1000-p-250,https://cdn.shopify.com/s/files/1/2705/6740/products/H1000-P-250-PLATFORM-250X8-HR-EM.jpg?v=1699552463,1,"Dedicated Platform, 8 x 250ml Erlenmeyer flasks"
h1000-p-125,https://cdn.shopify.com/s/files/1/2705/6740/products/H1000-P-125-PLATFORM-125X12-HR-EM.jpg?v=1699552461,1,"Dedicated Platform, 12 x 125ml Erlenmeyer flasks"
h1000-mr-tsr,https://cdn.shopify.com/s/files/1/2705/6740/products/H1000-MR-TSR.gif?v=1699552459,1,MAGic Clamp™ tilted holder for 15mL and 50mL tube racks
h1000-mr-t600,https://cdn.shopify.com/s/files/1/2705/6740/products/H1000-MR-T600-600X600.jpg?v=1699552457,1,"MAGic Clamp™ Tube Rack, 4x500ml or 600ml conical bottles"
h1000-mr-t500h,https://cdn.shopify.com/s/files/1/2705/6740/products/H1000-MR-T500H-HREM.jpg?v=1699552455,1,"MAGic Clamp™ Tube Rack, 2 x 50ml tubes, horizontal"
h1000-mr-t50,https://cdn.shopify.com/s/files/1/2705/6740/products/H1000-MR-T50-600-x-600.jpg?v=1699552453,1,"MAGic Clamp™ Tube Rack, 15 x 50ml"
h1000-mr-t150h,https://cdn.shopify.com/s/files/1/2705/6740/products/H1000-MR-TH150H-HR.jpg?v=1699552450,1,"MAGic Clamp™ Tube Rack, 4 x 15ml tubes, horizontal"
h1000-mr-t15,https://cdn.shopify.com/s/files/1/2705/6740/products/H1000-MR-T15-600-X-600.jpg?v=1699552448,1,"MAGic Clamp™ Tube Rack, 32x15ml, tubes (max. 8)"
h1000-mr-t14,https://cdn.shopify.com/s/files/1/2705/6740/products/H1000-MR-T14-HR-EM.jpg?v=1699552446,1,"MAGic Clamp™ Tube Rack, 72x14mm culture tubes"
h1000-mr-mp,https://cdn.shopify.com/s/files/1/2705/6740/products/H1000-MR-MP-600-X-600.jpg?v=1699552444,1,"MAGic Clamp™ magnetic clamp, one microplate"
h1000-mr-cmb,https://cdn.shopify.com/s/files/1/2705/6740/products/H1000-MR-CMB-600-X-600.jpg?v=1699552442,1,"MAGic Clamp™ COMBO, for 125ml, 250ml, 500ml flasks"
h1000-mr-500,https://cdn.shopify.com/s/files/1/2705/6740/products/H1000-MR-500-600-X-600.jpg?v=1699552440,1,"MAGic Clamp™ magnetic clamp, 500ml Erlenmeyer"
h1000-mr-50,https://cdn.shopify.com/s/files/1/2705/6740/products/H1000-MR-50-600-X-600.jpg?v=1699552438,1,"MAGic Clamp™ magnetic clamp, 50ml Erlenmeyer"
h1000-mr-3000,https://cdn.shopify.com/s/files/1/2705/6740/products/H1000-MR-3000.gif?v=1699552435,1,"MAGic Clamp™ magnetic clamp, 2.8/3L Erlenmeyer"
h1000-mr-250,https://cdn.shopify.com/s/files/1/2705/6740/products/H1000-MR-250-600-X-600.jpg?v=1699552433,1,"MAGic Clamp™ magnetic clamp, 250ml Erlenmeyer"
h1000-mr-2000,https://cdn.shopify.com/s/files/1/2705/6740/products/H1000-MR-2000.gif?v=1699552431,1,"MAGic Clamp™ magnetic clamp, 2000ml Erlenmeyer (max. 5)"
h1000-mr-1550,https://cdn.shopify.com/s/files/1/2705/6740/products/H1000-MR-1550-600-X-600.jpg?v=1699552428,1,"MAGic Clamp™ Tube Rack, 30 x 15ml, 20 x 50ml tubes"
h1000-mr-125,https://cdn.shopify.com/s/files/1/2705/6740/products/H1000-MR-125-600-X-600.jpg?v=1699552426,1,"MAGic Clamp™ Tube Rack, 30 x 15ml, 20 x 50ml tubes"
h1000-mr-1000,https://cdn.shopify.com/s/files/1/2705/6740/products/H1000-MR-1000.gif?v=1699552424,1,"MAGic Clamp™ magnetic clamp, 1000ml Erlenmeyer"
drychill™-group,https://cdn.shopify.com/s/files/1/2705/6740/products/DryChill-Family-web.jpg?v=1699552421,1,DryChill™-GROUP
dp0150-8,https://cdn.shopify.com/s/files/1/2705/6740/products/DP0150-6-alone-e1599072611475_8ff27ada-ea16-4d3d-8a8f-b41ecabd8999.jpg?v=1699552419,1,DP0150-8
dp0150-6,https://cdn.shopify.com/s/files/1/2705/6740/products/DP0150-6-alone-e1599072611475_4df0af2b-c9e8-4f33-bc47-45bc7c60c6df.jpg?v=1699552417,1,DP0150-6
dp0150-3,https://cdn.shopify.com/s/files/1/2705/6740/products/DP0150-6-alone-e1599072611475_0ffc629c-7f5e-4365-a3db-e0e18cdd36cc.jpg?v=1699552414,1,DP0150-3
dp0150-2,https://cdn.shopify.com/s/files/1/2705/6740/products/DP0150-6-alone-e1599072611475.jpg?v=1699552412,1,DP0150-2
dc9602,https://cdn.shopify.com/s/files/1/2705/6740/products/DC9602-Web.jpg?v=1699552410,1,"DryChill™ Ice-free Cooling Block, 96 x 0.2ml"
dc4020,https://cdn.shopify.com/s/files/1/2705/6740/products/DC4020-Web.jpg?v=1699552408,1,"DryChill™ Ice-free Cooling Block, 40 x 1.5/2.0ml"
dc1215,https://cdn.shopify.com/s/files/1/2705/6740/products/DC1215-Web.jpg?v=1699552405,1,"DryChill™ Ice-free Cooling Block, 12 x 15ml"
dc0650,https://cdn.shopify.com/s/files/1/2705/6740/products/DC0650-Web.jpg?v=1699552403,1,"DryChill™ Ice-free Cooling Block, 6 x 50ml"
d2400-r5v2,https://cdn.shopify.com/s/files/1/2705/6740/products/D24000-R5V2-600-X-600.jpg?v=1699552401,1,D2400-R5V2
d2400-r,https://cdn.shopify.com/s/files/1/2705/6740/products/D2400R-Website-2020-1.jpg?v=1699552399,1,"BeadBlaster 24R Refrigerated Microtube Homogenizer, 115V"
d1132-group,https://cdn.shopify.com/s/files/1/2705/6740/products/Bead-image-600-x-600.jpg?v=1699552394,1,D1132-GROUP
d1036-a5,https://cdn.shopify.com/s/files/1/2705/6740/products/D1036-A5-BeadBug6-5ml-adapter-600-x-600.jpg?v=1699552383,1,Tube Holder for BeadBug 5ml tubes (2 x 5ml)
d1032-group,https://cdn.shopify.com/s/files/1/2705/6740/products/Beads-website-2020.jpg?v=1699552376,1,Prefilled tube kits for bead homogenizer
d1032-30,https://cdn.shopify.com/s/files/1/2705/6740/files/zirconiumbeads.jpg?v=1731363529,1,Benchmark Scientific Prefilled 2.0ml tubes Zirconium Beads
d1000-st,https://cdn.shopify.com/s/files/1/2705/6740/products/D1000-ST-website-2020.jpg?v=1699552361,1,Benchmark Scientific D1000-ST Handheld Homogenizer Stand
d1000-m7,https://cdn.shopify.com/s/files/1/2705/6740/products/D1000-M7.jpg?v=1699552359,1,"D1000-M7 REPLACEMENT GENERATOR PACK, 7MM X 50MM SAW TOOTH FOR MICROTUBES, PACK OF 5"
d1000-m5,https://cdn.shopify.com/s/files/1/2705/6740/products/D1000-M5.jpg?v=1699552357,1,Benchmark D1000 Homogenizer with 5mm and 7mm Generators
d1000-m14,https://cdn.shopify.com/s/files/1/2705/6740/products/D1000-M14.jpg?v=1699552354,1,BENCHMARK SCIENTIFIC Generator Probe: 14 mm x 130 mm
d1000-m10,https://cdn.shopify.com/s/files/1/2705/6740/products/D1000-M10.jpg?v=1699552352,1,Optional Generator Probe - 10mm x 115mm Saw Tooth - For 15ml and 50ml Tubes
c5000-6h-pt,https://cdn.shopify.com/s/files/1/2705/6740/products/Sprint-6H-Portable-C5000-6H-PT-main-e1617646214281.jpg?v=1699552344,1,C5000-6H-PT Sprint 6H Portable Centrifuge
c3303-1215,https://cdn.shopify.com/s/files/1/2705/6740/products/C3303-1215-Rotor.jpg?v=1699552341,1,"Benchmark Scientific C3303-1215 12 x 15ml Fixed Angle Rotor, Sprint 6H Plus Accessory, 1 Rotor/Unit"
c3200,https://cdn.shopify.com/s/files/1/2705/6740/products/C3100-Main-LC-8-HR-EM_29f8c4ea-84f5-4f01-9dc7-13cb535ff245.jpg?v=1699552339,1,LC-8 Plus 15ml Microtube Micro Centrifuge C3200
c3100-adp,https://cdn.shopify.com/s/files/1/2705/6740/products/C3100-ADP-HRSIL.jpg?v=1699552336,1,"Adapter,For Centrifuges,PK8 C3100-adp"
c3100,https://cdn.shopify.com/s/files/1/2705/6740/products/C3100-Main-LC-8-HR-EM.jpg?v=1699552334,1,"LC-8 Lab Centrifuge, 3500 RPM, 8x15 mL Rotor Included"
c2417-r5-adp2,https://cdn.shopify.com/s/files/1/2705/6740/products/C2417-R5-ADP2.jpg?v=1699552332,1,"COMBI-Rotor™, the MC-24 Touch will accept 24×1.5/2.0ml tubes, 2 strips of 0.2ml tubes (16×0.2ml"
c2417-r5,https://cdn.shopify.com/s/files/1/2705/6740/products/C2417-R5-1.jpg?v=1699552330,1,Optional 8 x 5ml rotor for MC-24 centrifuge
c2000-a02,https://cdn.shopify.com/s/files/1/2705/6740/products/C2000-A02.jpg?v=1699552326,1,Benchmark Scientific PlateFuge MicroPlate MicroCentrifuge
c1612,https://cdn.shopify.com/s/files/1/2705/6740/products/C1612-MC12-MicroCentrifuge-HR-EM.jpg?v=1699552323,1,"High Speed Micro Centrifuge, 12 Place Rotor"
c1008-group,https://cdn.shopify.com/s/files/1/2705/6740/products/C1008-Series-500x500.gif?v=1699552314,1,Mini Centrifuge with 2 rotors
c1008-a5-6,https://cdn.shopify.com/s/files/1/2705/6740/products/C1008-A5.jpg?v=1699552304,1,Tube adaptors are compatible with any Benchmark Scientific microcentrifuge
c1008-a2-6,https://cdn.shopify.com/s/files/1/2705/6740/products/C1008-A2.jpg?v=1699552301,1,0.2ml Replacement Adapter Pack for Benchmark Scientific microcentrifuge
c1005-t5-rk,https://cdn.shopify.com/s/files/1/2705/6740/products/C2592-empty.jpg?v=1699552297,1,Work Station Rack for 50 x 5ml tubes
c1005-frz,https://cdn.shopify.com/s/files/1/2705/6740/products/C2581-scaled.jpg?v=1699552291,1,"Freezer box for 5ml tubes, pack of 5"
c1005-ac2,https://cdn.shopify.com/s/files/1/2705/6740/products/C1005-AC-2-scaled.jpg?v=1699552289,1,"Adapter pack, for Cryovials (0.5 to 2.0ml) and 1.5/2.0ml HPLC vials FOR myFuge 5 Mini Centrifuge"
c1005,https://cdn.shopify.com/s/files/1/2705/6740/products/C1005-500x500.gif?v=1699552287,1,MyFuge 5 MicroCentrifuge
bv101-r,https://cdn.shopify.com/s/files/1/2705/6740/products/BV101-R-600-X-600.jpg?v=1699552285,1,Vornado Miniature Vortex Mixer
bv101-g,https://cdn.shopify.com/s/files/1/2705/6740/products/BV101-G-600-X-600.jpg?v=1699552281,1,"Vornado™ Mini Vortex Mixer, Green Cup"
bv1010-tst,https://cdn.shopify.com/s/files/1/2705/6740/products/BV1010-TST-website-2020.jpg?v=1699552279,1,Benchmixer™ XL Multi-Tube Vortexer includes 50x12mm tube rack
bv1010-mp,https://cdn.shopify.com/s/files/1/2705/6740/products/BV1010-MP-Website-2020.jpg?v=1699552275,1,BenchMixer™ XL is a heavy duty vortex mixer Rack for up to 3 microplates
bv1010-50hq,https://cdn.shopify.com/s/files/1/2705/6740/products/BV1010-50HQ-Website-2020.jpg?v=1699552273,1,Horizontal Tube Rack for 7 x 50ml QuEChERs
bv1010-500,https://cdn.shopify.com/s/files/1/2705/6740/products/BV1010-500-Website-2020.jpg?v=1699552271,1,"Tube Rack for BenchMixer XL Multi Tube Vortex Mixer, 15 x 50ml Tube"
bv1010-25,https://cdn.shopify.com/s/files/1/2705/6740/products/BV1010-25-Website-2020.jpg?v=1699552269,1,"Tube Rack for BenchMixer XL Multi Tube Vortex Mixer, 15 x 25ml Tube"
bv1010-1520,https://cdn.shopify.com/s/files/1/2705/6740/products/BV1010-1520-Website-2020.jpg?v=1699552266,1,"Tube Rack for BenchMixer XL Multi Tube Vortex Mixer, 50 x 1.5/2ml Tube, 10mm Diameter"
bv1010-150,https://cdn.shopify.com/s/files/1/2705/6740/products/BV1010-150-Website-2020.jpg?v=1699552264,1,"BenchMixerTM XL, this tube rack holds up to 50 x 15ml tubes"
bv1010-13,https://cdn.shopify.com/s/files/1/2705/6740/products/BV1010-13-Website-2020.jpg?v=1699552262,1,"Tube Rack for BenchMixer XL Multi Tube Vortex Mixer, 50 x 13mm Tube"
bv1010-12,https://cdn.shopify.com/s/files/1/2705/6740/products/BV1010-12-Website-2020.jpg?v=1699552260,1,BenchMixer XL Multi-Tube Vortexer
bv1010-05,https://cdn.shopify.com/s/files/1/2705/6740/products/BV1010-05-600-X-600.jpg?v=1699552257,1,"Tube Rack for BenchMixer XL Multi Tube Vortex Mixer, 72 x 0.5ml Tube, 8mm Tube Diameter"
bv1010-00,https://cdn.shopify.com/s/files/1/2705/6740/products/BV1010-00-Website-2020.jpg?v=1699552255,1,Replacement Foam Sheet for BenchMixer XL™. (Pack of 2)
bv1010,https://cdn.shopify.com/s/files/1/2705/6740/products/BV1010-BenchMIxer-XL-Website-2020.jpg?v=1699552253,1,BenchMixer XL Multi-Tube Vortexer
bv1003-t500,https://cdn.shopify.com/s/files/1/2705/6740/products/BV1003-T500.gif?v=1699552250,1,Optional Foam Rack for 5 x 50 ml tubes
bv1003-t150,https://cdn.shopify.com/s/files/1/2705/6740/products/BV1003-T150.gif?v=1699552247,1,Optional Foam Rack for 12 x 15ml Tubes
bv1000-h500,https://cdn.shopify.com/s/files/1/2705/6740/products/BV1000-H500.gif?v=1699552245,1,"Optional horizontal head, for 2 x 50ml"
bv1000-h150,https://cdn.shopify.com/s/files/1/2705/6740/products/BV1000-H150.gif?v=1699552242,1,"Optional horizontal head, for 4 x 15ml"
bv1000-h15,https://cdn.shopify.com/s/files/1/2705/6740/products/BV1000-H15.gif?v=1699552240,1,"Optional horizontal head, for 12 x 1.5/2.0ml"
bv1000-flat,https://cdn.shopify.com/s/files/1/2705/6740/products/BV1000-flat.gif?v=1699552238,1,FLAT Vortexer Flat head for Vortex Mixer
bv1000-combo,https://cdn.shopify.com/s/files/1/2705/6740/products/BV1000-COMBO.gif?v=1699552236,1,Optional combination head for one microplate & microtubes (38x1.5 & 28x0.5)
bv1000,https://cdn.shopify.com/s/files/1/2705/6740/products/BV1000-600-X-600.jpg?v=1699552234,1,BenchMixer Vortex Mixer
bt4500,https://cdn.shopify.com/s/files/1/2705/6740/products/BT4500-OrbiShaker-Co2-MP-w-MP-plates-600-x-600..jpg?v=1699552231,1,Orbi-Shaker CO2 with Remote Controller and Rubber
bt4011,https://cdn.shopify.com/s/files/1/2705/6740/products/BT4011-600-x-600.jpg?v=1699552229,1,"Orbi-Shaker™CO2 XL orbital shaker with flat mat platform (16 x 16.5"")"
bt4001,https://cdn.shopify.com/s/files/1/2705/6740/products/BT4001-Orbi-Shaker-CO2.gif?v=1699552226,1,"Orbi-Shaker™ CO2 with remote controller and rubber mat platform (13x12"")"
bt3000-mr,https://cdn.shopify.com/s/files/1/2705/6740/products/BT3000-MR-flat-mat.png?v=1699552223,1,"MAGic Clamp™ Universal Platform 14 x 12"" (for flasks/tubes)"
bt1500-a1520,https://cdn.shopify.com/s/files/1/2705/6740/products/BT1500-A1520-A05.jpg?v=1699552218,1,"Optional Adapter, 20 x 1.5/2.0 ml for microplate shakers"
bt1500-a05,https://cdn.shopify.com/s/files/1/2705/6740/products/BT1500-A1520-and-A05.jpg?v=1699552216,1,"Optional Adapter, 20 x 0.5 ml for microplate shakers"
bt1011,https://cdn.shopify.com/s/files/1/2705/6740/products/BT1011-600-x-600.jpg?v=1699552213,1,"Orbi-Shaker™ XL with Touch Screen Display and rubber mat platform (18""x18"")"
bswpcr2,https://cdn.shopify.com/s/files/1/2705/6740/products/BSWPCR2_05b37a99-2493-4ae0-b1e6-79717dde76c2.gif?v=1699552211,1,"Block, 1 x 96-well PCR plate (2&4 block models only)"
bswpcr1,https://cdn.shopify.com/s/files/1/2705/6740/products/BSWPCR1.gif?v=1699552208,1,"Block, 1 x 96-well PCR plate (Single block model only)"
bswnmr,https://cdn.shopify.com/s/files/1/2705/6740/products/BSWNMR-600-x-600.jpg?v=1699552206,1,"Block, 30 x NMR tubes"
bswmt,https://cdn.shopify.com/s/files/1/2705/6740/products/BSWMT.gif?v=1699552203,1,"Block, 1 x Micro Plate (2 & 4 block models only)"
bswhem,https://cdn.shopify.com/s/files/1/2705/6740/products/BSWHEM.gif?v=1699552200,1,"Block, 48 x hematocrit tubes, 1.9mm (not compatible with cover)"
bswcmb,https://cdn.shopify.com/s/files/1/2705/6740/products/BSWCMB.gif?v=1699552197,1,Quick-Flip Universal Block for Digital Dry Baths: Side 1: Holds 24 x 1.5ml/2.0ml and 14 x 0.5 ml Tubes · Side 2: Holds
bswbct,https://cdn.shopify.com/s/files/1/2705/6740/products/BSWBCT-web.jpg?v=1699552195,1,"Block, 12 x 13mm & 8 x 16mm (Blood Collection Combi-Block)"
bsw5mt,https://cdn.shopify.com/s/files/1/2705/6740/products/BSW5MT.gif?v=1699552192,1,"Block, 12 x 5ml centrifuge tubes (17mm diameter)"
bsw50,https://cdn.shopify.com/s/files/1/2705/6740/products/BSW50.gif?v=1699552190,1,Block for 5 x 50ml Centrifuge Tubes
bsw2mts,https://cdn.shopify.com/s/files/1/2705/6740/products/BSW2MTS.jpg?v=1699552187,1,"Block, for Microtube Strips (2.0ml) 6 strips"
bsw1520,https://cdn.shopify.com/s/files/1/2705/6740/products/BSW1520.gif?v=1699552185,1,Block for Centrifuge Tubes 24 x 1.5/2.0ml
bsw1516,https://cdn.shopify.com/s/files/1/2705/6740/products/BSW1516.gif?v=1699552182,1,"Block, 12x15-16mm (or 12x10ml blood tube)"
bsw1500,https://cdn.shopify.com/s/files/1/2705/6740/products/BSW1500.gif?v=1699552180,1,"Block for Dry Baths, holds (24) 1.5ml"
bsw15,https://cdn.shopify.com/s/files/1/2705/6740/products/BSW15.gif?v=1699552177,1,Block for 12 x 15ml Centrifuge Tubes
bsw13,https://cdn.shopify.com/s/files/1/2705/6740/products/BSW13.gif?v=1699552175,1,"Dry Bath Block, 20 x 13mm (5 and 7mL Tubes)"
bsw1232,https://cdn.shopify.com/s/files/1/2705/6740/products/BSW1232.jpg?v=1699552173,1,"Block, 20 x HPLC/CryoVial"
bsw10,https://cdn.shopify.com/s/files/1/2705/6740/products/BSW10.gif?v=1699552170,1,"Block, 20 x 10mm (or 20 x 2.0ml"
bsw05,https://cdn.shopify.com/s/files/1/2705/6740/products/BSW05.gif?v=1699552168,1,"Block, 24 x 0.5ml centrifuge tubes"
bsw02,https://cdn.shopify.com/s/files/1/2705/6740/products/BSW02.gif?v=1699552165,1,"Block, 48 x 0.2ml tubes or 6 PCR strips"
bsw01,https://cdn.shopify.com/s/files/1/2705/6740/products/BSW01.gif?v=1699552163,1,Solid Block for Digital Dry Baths
bsh6000,https://cdn.shopify.com/s/files/1/2705/6740/products/BSH6000-closed.jpg?v=1699552159,1,isoBlock Digital Dry Bath without Blocks BSH6000
bsh200-hl,https://cdn.shopify.com/s/files/1/2705/6740/products/BSH200-HL-600-X-600.jpg?v=1699552155,1,MyBlock™ Mini Dry Bath with a Heated Lid
bsh100-cv,https://cdn.shopify.com/s/files/1/2705/6740/products/BSH100-CV.gif?v=1699552151,1,"MyBlock™ Dry Baths, holds (8) Cuvettes, 12.5 x 12.5 x 32mm"
bsh100-cu,https://cdn.shopify.com/s/files/1/2705/6740/products/BSH100-CU-600-X-600.jpg?v=1699552149,1,"Block, solid (for custom machining)"
bsh100-5mt,https://cdn.shopify.com/s/files/1/2705/6740/products/BSH100-5MT.gif?v=1699552145,1,"Block (6 x 5ml Centrifuge Tubes, 17mm diameter)"
bsh100-500,https://cdn.shopify.com/s/files/1/2705/6740/products/BSH100-500.gif?v=1699552142,1,"MyBlock™ Dry Baths, holds (2) 50ml Centrifuge Tubes"
bsh1004,https://cdn.shopify.com/s/files/1/2705/6740/products/BSH1000-series_6bb34d48-821a-4486-b44f-05d0a4504076.gif?v=1699552140,1,Four-Block Digital Dry Bath 115V
bsh1002,https://cdn.shopify.com/s/files/1/2705/6740/products/BSH1000-series_98d25318-64b4-4de0-bb80-27a7eaf1e04e.gif?v=1699552137,1,Two-Block Digital Dry Bath
bsh100-15hl,https://cdn.shopify.com/s/files/1/2705/6740/products/BSH100-15HL.jpg?v=1699552135,1,MyBlock Mini dry bath with Heated Lid
bsh100-1520,https://cdn.shopify.com/s/files/1/2705/6740/products/BSH100-1520.gif?v=1699552132,1,Benchmark Scientific MyBlock Mini - 15 x 1.5/2.0mL
bsh100-150,https://cdn.shopify.com/s/files/1/2705/6740/products/BSH100-150.gif?v=1699552130,1,"Block for MyBlock™ Dry Baths, holds (4) 15ml Centrifuge Tubes"
bsh100-15,https://cdn.shopify.com/s/files/1/2705/6740/products/BSH100-15.gif?v=1699552127,1,"Block for MyBlock™ Dry Baths, holds (15) 1.5ml Centrifuge Tubes. For Use With: MyBlock™ Mini Dry Baths"
bsh100-1232,https://cdn.shopify.com/s/files/1/2705/6740/products/BSH100-1232.gif?v=1699552124,1,Benchmark Scientific MyBlock Mini - For 15 x 2.0mL
bsh100-1213,https://cdn.shopify.com/s/files/1/2705/6740/products/BSH100-1213.gif?v=1699552122,1,"Block, No Lid, 15 x 12-13 mm Tubes and Vacutainers, 60 mm Tall"
bsh1001,https://cdn.shopify.com/s/files/1/2705/6740/products/BSH1000-series_096f84c0-852a-45bc-b9a0-7663fef85cca.gif?v=1699552119,1,One-Block Digital Dry Bath 115V
bsh1000-group,https://cdn.shopify.com/s/files/1/2705/6740/products/BSH1000-series_c10bf258-4bc6-435c-af2d-6c7ca0867738.gif?v=1699552117,1,BSH1000 Series Digital Dry Baths
bsh100-05,https://cdn.shopify.com/s/files/1/2705/6740/products/BSH100-05.gif?v=1699552115,1,"Block for MyBlock™ Dry Baths, holds (24) 0.5ml"
bsh100-02,https://cdn.shopify.com/s/files/1/2705/6740/products/BSH100-02.gif?v=1699552112,1,"Block, 40 x 0.2ml (or 5 x PCR strips)"
br5000-stack,https://cdn.shopify.com/s/files/1/2705/6740/products/BR5000-STACK-V2-600-x-600.jpg?v=1699552110,1,Everlast™ Rocker with Variable Speed and flat mat
br2000-stack,https://cdn.shopify.com/s/files/1/2705/6740/products/BR2000-STACK-Stacking-Platform-flat-mat.jpg?v=1699552107,1,"BenchRocker™ 2D Variable Speed Rocker with 14""x12"" flat mat platform"
br2000-sp,https://cdn.shopify.com/s/files/1/2705/6740/products/BR2000-SP.jpg?v=1699552105,1,"BenchRocker™ 2D Variable Speed Rocker with 14""x12"" flat mat platform"
br2000-flat,https://cdn.shopify.com/s/files/1/2705/6740/products/BR1000-BR2000-FLAT_57293991-aa0a-4008-a211-0cf609f972a5.jpg?v=1699552103,1,"BenchRocker™ 2D Variable Speed Rocker with 14""x12"" flat mat platform"
br2000,https://cdn.shopify.com/s/files/1/2705/6740/products/BR2000-600-x-600.jpg?v=1699552101,1,"BenchRocker™ 2D Variable Speed Rocker with 14""x12"" flat mat platform"
br1000-stack-d,https://cdn.shopify.com/s/files/1/2705/6740/products/BR1000-STACK-D-Dimp.-Mat.jpg?v=1699552099,1,"Stacking platform, large 12""x12"" with dimpled mat ("
br1000-stack,https://cdn.shopify.com/s/files/1/2705/6740/products/B3D-STACK_315817fb-235f-4788-a5d5-55da07bf33f9.jpg?v=1699552097,1,"Stacking platform, large 12""x12"" with flat mat (3.0"" separation"
br1000-flat,https://cdn.shopify.com/s/files/1/2705/6740/products/BR1000-BR2000-FLAT.jpg?v=1699552095,1,"Flat Mat, large 12"" x 12"""
br1000-dimpled,https://cdn.shopify.com/s/files/1/2705/6740/products/B3D-DIMPLED.jpg?v=1699552093,1,"Dimpled Mat for Rocker, 12 x 12in"
br1000,https://cdn.shopify.com/s/files/1/2705/6740/products/BR1000-600-x-600.jpg?v=1699552091,1,"BenchBlotter™ Fixed Speed Platform Rocker with 12x12"" flat mat platform"
b4000-pa,https://cdn.shopify.com/s/files/1/2705/6740/products/B4000-PA-Paper-Rolls-HREM.jpg?v=1699552089,1,B4000-PA
b4000-p,https://cdn.shopify.com/s/files/1/2705/6740/products/B4000-P-600-x-600.jpg?v=1699552086,1,B4000-P
b4000-28-220,https://cdn.shopify.com/s/files/1/2705/6740/products/B4000-28-Closed-WEbsite-2020_bbc8529b-5f3e-4b58-87a8-7f9d7e5975b0.jpg?v=1699552084,1,BioClave 28 Research Sterilizer 28L 200-240V
b4000-28-120,https://cdn.shopify.com/s/files/1/2705/6740/products/B4000-28-Closed-WEbsite-2020.jpg?v=1699552081,1,Bioclave 28L features an increased chamber size with a diameter of 32cm
b3d-stack-d,https://cdn.shopify.com/s/files/1/2705/6740/products/B3D-STACK-D.jpg?v=1699552079,1,"Stacking platform, small 10.5""x7.5"" with dimpled mat (3.0"" separation)"
b3d-stack,https://cdn.shopify.com/s/files/1/2705/6740/products/B3D-STACK.jpg?v=1699552077,1,"Stacking platform, small 10.5""x7.5"" with dimpled mat (3.0"" separation)"
b3d-flat,https://cdn.shopify.com/s/files/1/2705/6740/products/B3D-FLAT.jpg?v=1699552075,1,"Flat Mat, small 10.5"" x 7.5"""
b3d-dimpled,https://cdn.shopify.com/s/files/1/2705/6740/products/B3D-DIMPLED-600-X-600.jpg?v=1699552073,1,"Dimpled Mat, small 10.5"" x 7.5"""
b3d5000-stk,https://cdn.shopify.com/s/files/1/2705/6740/products/B3D5000-STACK-600-X-600.jpg?v=1699552071,1,Optional Stacking Platform with Flat Mat (4.5” clearance)
b3d5000-dimp,https://cdn.shopify.com/s/files/1/2705/6740/products/B3D5000-DIMP-WEB.jpg?v=1699552068,1,Optional dimpled mat for use with a variety of tubes
b3d5000,https://cdn.shopify.com/s/files/1/2705/6740/products/B3D5000-600-X-600.jpg?v=1699552066,1,"BenchWaver™ 3D Rocker with 13.5x13"" flat mat platform"
b3d2300,https://cdn.shopify.com/s/files/1/2705/6740/products/B3D2300-600-X-600.jpg?v=1699552065,1,"BenchRocker™ 3D Nutating Shaker with Variable speed; includes 12""x12"" platform with 2 mats"
b3d1320,https://cdn.shopify.com/s/files/1/2705/6740/products/B3D1320-600-X-600.jpg?v=1699552062,1,"BioMixer™ 3D Nutating Shaker, fixed speed, 12""x12"" platform, dimpled mat, 115V"
b3d1308,https://cdn.shopify.com/s/files/1/2705/6740/products/B3D1308-600-X-600.jpg?v=1699552060,1,"BlotBoy™ 3D Rocker, fixed speed, 12""x12"" platform with flat mat, 115V"
b3d1020,https://cdn.shopify.com/s/files/1/2705/6740/products/B3D1020-600-X-600.jpg?v=1699552058,1,"MiniMixer™ 3D Nutating Shaker, fixed speed 10""x7.5"" platform, dimpled mat, 115V"
b3d1008,https://cdn.shopify.com/s/files/1/2705/6740/products/B3D1008-600-X-600.jpg?v=1699552055,1,"Mini BlotBoy™ 3D Rocker, fixed speed, small 10""x7.5"" platform with flat mat, 115V"
b2000-8-t500,https://cdn.shopify.com/s/files/1/2705/6740/products/B2000-8-T500-600-X-600.jpg?v=1699552006,1,Tube rack for 30 x 50 ml tubes
b2000-8-t150,https://cdn.shopify.com/s/files/1/2705/6740/products/B2000-8-T150-600-X-600.jpg?v=1699552003,1,Tube rack for 76 x 15 ml tubes
b2000-8,https://cdn.shopify.com/s/files/1/2705/6740/products/B2000_8af6a184-4c87-4aca-8ee9-a3033d527aee.gif?v=1699552001,1,B2000-8
b2000-4-t500,https://cdn.shopify.com/s/files/1/2705/6740/products/B2000-4-T500-600-X-600..jpg?v=1699551998,1,Tube rack for 15 x 50 ml tubes
b2000-4-t5,https://cdn.shopify.com/s/files/1/2705/6740/products/B2000-4-T5-600-X-600.jpg?v=1699551996,1,Tube rack for 40 x 0.5 ml tubes
b2000-4-t1520,https://cdn.shopify.com/s/files/1/2705/6740/products/B2000-4-T1520-600-X-600.jpg?v=1699551993,1,Tube rack for 48 x 1.5/2.0 ml tubes
b2000-4-t150,https://cdn.shopify.com/s/files/1/2705/6740/products/B2000-4-T150-600-X-600..jpg?v=1699551991,1,Tube rack for 41 x 15 ml tubes
b2000-2,https://cdn.shopify.com/s/files/1/2705/6740/products/B2000-2.-600-X-600.jpg?v=1699551989,1,MyBath 2L Digital Water Bath
b2000-12,https://cdn.shopify.com/s/files/1/2705/6740/products/B2000.gif?v=1699551987,1,myBath 12L Digital Water Bath
b1450-sh-uv,https://cdn.shopify.com/s/files/1/2705/6740/products/B1450-SH-UV-600-x-600.jpg?v=1699551984,1,Optional/Extra UV Transparent Shelf
b1450-sh,https://cdn.shopify.com/s/files/1/2705/6740/products/H2505-SH-600-X-600.jpg?v=1699551982,1,Optional/Extra UV Transparent Shelf
b1450-iss,https://cdn.shopify.com/s/files/1/2705/6740/products/B1450-ISS-600-x-600.jpg?v=1699551980,1,"UV-C Indicator Stickers, 0.5x0.5"", for UV Clave"
b1450-ic,https://cdn.shopify.com/s/files/1/2705/6740/products/B1450-IC-600-x-600.jpg?v=1699551977,1,"UV-C Indicator Card, UV Clave™ Accessory for for UV Clave, 25/Pack"
b1202,https://cdn.shopify.com/s/files/1/2705/6740/products/B1201-Both-Website-2020_b9727983-b296-4222-a1cf-d8baaca72c41.jpg?v=1699551975,1,"Benchmark's Micro Bead Sterilizer is ideal for the sterilization of small research tools (forceps, scissors, etc.)"
b1201-group,https://cdn.shopify.com/s/files/1/2705/6740/products/B1201-Both-Website-2020_6a255fca-c1bd-4689-833e-3e360d9623a9.jpg?v=1699551973,1,B1201-GROUP
b1201-bead,https://cdn.shopify.com/s/files/1/2705/6740/products/B1201-BEAD-600x600-1.jpg?v=1699551970,1,"Refill Glass beads for Micro Bead Sterilizer, 1000g/Unit"
b1201,https://cdn.shopify.com/s/files/1/2705/6740/products/B1201-Both-Website-2020.jpg?v=1699551968,1,"Micro Bead Research Sterilizer (40x80mm), with glass beads"
b1001-xl,https://cdn.shopify.com/s/files/1/2705/6740/products/B1001-XL-600-x-600.jpg?v=1699551966,1,BactiZapper Tilt MicroSterilizer with Adjustable Tilt Angle
b1001-group,https://cdn.shopify.com/s/files/1/2705/6740/products/B1000-Series-All-3-Website-2020.jpg?v=1699551963,1,B1001-GROUP
b1001,https://cdn.shopify.com/s/files/1/2705/6740/products/B1001-Tilt-WEbsite-2020.jpg?v=1699551961,1,Benchmark Scientific BactiZapper TILT Micro-Sterilizer with adjustable tilt angle
b1000-ra,https://cdn.shopify.com/s/files/1/2705/6740/products/B1000-RA-RA-E.jpg?v=1699551956,1,"Heating Element, 115 voltage"
b1000-03,https://cdn.shopify.com/s/files/1/2705/6740/products/B1000-03-Slide-Holder-Website-2020.jpg?v=1699551954,1,Slide-dryer attachment for use with BactiZapper infrared micro-sterilizer (sold separately)
b1000-01,https://cdn.shopify.com/s/files/1/2705/6740/products/B1000-01-Website-2020.jpg?v=1699551951,1,Loop Holder Attachment For BactiZapper Infrared Micro Sterilizer
b1000,https://cdn.shopify.com/s/files/1/2705/6740/products/B1000-2020-Website.jpg?v=1699551949,1,BactiZapper InfraRed Micro-Sterilizer
autoclaves,https://cdn.shopify.com/s/files/1/2705/6740/files/bioclaves.jpg?v=1694812640,1,BioClave Research Autoclaves
copy-of-mask-ear-loop-disposable-50-box-500-cs,https://cdn.shopify.com/s/files/1/2705/6740/products/BAP_6345-mask_cap_a9c3cf22-04b3-4a19-8680-80dc147f97ff.jpg?v=1586453064,1,Disposable 3-Ply Surgical Masks & Respirators
copy-of-2-0-ml-micro-centrifuge-tubes-500-bag,https://cdn.shopify.com/s/files/1/2705/6740/products/1.7TUBE.012818.jpg?v=1570644201,1,"5.0 ml Snap Cap Centrifuge Tubes, 200/bag"
copy-of-cell-strainers-70-μm-pore-size-white-frame-individual-package-sterile-50-box,https://cdn.shopify.com/s/files/1/2705/6740/products/CELL_STRAINERS.093019_af622d9f-168a-4844-abc6-36ca79419ff3.jpg?v=1570071858,1,"Cell Strainers, 40 μm pore size, Blue frame, Individual Package, Sterile, 50/Box"
cell-strainers-sterile,https://cdn.shopify.com/s/files/1/2705/6740/products/CELL_STRAINERS.093019.jpg?v=1569855860,1,"Cell Strainers, 70 μm pore size, White frame, Individual Package, Sterile, 50/Box"
incu-shaker-shaking-incubator-1,https://cdn.shopify.com/s/files/1/2705/6740/files/H1001-M-Touch-Screen-V2-WebRes-EM.jpg?v=1694798745,1,"Incu-Shaker Mini Shaking Incubator, with non-slip rubber mat"
copy-of-200-µl-pipette-tips-racked-96-box-10-box-case,https://cdn.shopify.com/s/files/1/2705/6740/files/pipettetiprefill.jpg?v=1731522627,1,"200 µl Pipette Tips, No RNase, DNase, Endotoxin, PCR inhibitors, Refill, 96/refill, 10 refills/case"
copy-of-200-µl-pipette-tips-bulk-1000-bag,https://cdn.shopify.com/s/files/1/2705/6740/products/T200C-Rack_NSS_cb00ea09-8693-4428-9cea-7b42b750c0fe.jpg?v=1522713963,1,"200 µl Pipette Tips, No RNase, DNase, Endotoxin, PCR inhibitors, Racked, 96 tips/box, 10 box/cs"
block-24-x-1-5-2-0ml,https://cdn.shopify.com/s/files/1/2705/6740/files/BSW1500_7f3a9d23-aa29-42ed-85b6-44a238f3734f.gif?v=1730492852,1,"Block, 24 x 1.5/2.0ml"
block-24-x-1-5ml,https://cdn.shopify.com/s/files/1/2705/6740/files/BSW1500.gif?v=1730492724,1,"Block, 24 x 1.5ml"
myfuge™-12-mini-centrifuge,https://cdn.shopify.com/s/files/1/2705/6740/files/muFugemini12.gif?v=1694802190,1,MyFuge Mini Centrifuge with Combi-Rotor
8-tube-strip-pcr-tubes-optically-clear-for-real-time-pcr-125-strips-bag,https://cdn.shopify.com/s/files/1/2705/6740/products/8_StripTubes-and-flatcaps.012818_e7c24e52-c132-4fc2-b838-99278484f511.png?v=1517167013,1,"8 Cap Strip Flat Cap, Optically Clear for Real-Time PCR, 120/bag"
48-well-multi-well-cell-culture-plates-1-plate-bag-100-cs,https://cdn.shopify.com/s/files/1/2705/6740/products/24well_and_48well_Tissue_Culture_Plate_8701cac3-3ba3-4605-98c4-ab0649d1016a.JPG?v=1515551997,1,"48 Well, Multi Well Cell Culture Plates, 1 plate/bag, 100/cs"
50-ml-conical-centrifuge-tubes-bulk-sterile-500-cs,https://cdn.shopify.com/s/files/1/2705/6740/files/conicalcentrifugetubes.jpg?v=1731105825,1,"50 ml Conical Centrifuge Tubes, Bulk, Sterile, 500/cs"
reagent-reservoirs-sterile,https://cdn.shopify.com/s/files/1/2705/6740/products/reagentreservoir.jpg?v=1643827652,1,"Reagent reservoirs, STERILE, 1/bag, 80/box"
smartglow-ps-pre-stain-1-ml,https://cdn.shopify.com/s/files/1/2705/6740/products/smartglow_7504e443-fe56-44c0-b74b-41cbade4c9cc.jpg?v=1517684998,1,"SmartGlow PS (Pre Stain), 1 ml"
cardboard-freezer-box-3-inch-10-pk,https://cdn.shopify.com/s/files/1/2705/6740/files/Assorted_box_color.jpg?v=1726919760,1,"3 inch Cardboard (Freezer) Box, 10/pk"
1000-µl-pipette-tips,https://cdn.shopify.com/s/files/1/2705/6740/products/MiniStack-hand_NSS-1_1e08ebe6-6b19-4275-b5ca-85be900140ac.jpg?v=1522713549,1,"1000 µl Pipette Tips, No RNase, DNase, PCR inhibitors, Refill, 96/refill, 10 refills"
aami-level-1-2-isolation-gowns,https://cdn.shopify.com/s/files/1/2705/6740/files/blueisogowns.071326_0ecf51ef-6e99-4b28-a8a2-ca41c0728b0e.jpg?v=1783978442,1,Blue Isolation Gowns - Disposable 100/Case
pipette-tips-1000-µl-racked-sterile-96-tips-box-10-box-cs,https://cdn.shopify.com/s/files/1/2705/6740/products/1mlPipetteTips.jpg?v=1643306568,1,"1000 µl Pipette Tips, No RNase, DNase, PCR inhibitors, Sterile, Racked, 96 tips/box, 10 box/cs"
pipette-tips-1000-µl-racked-96-tips-box-10-box-cs,https://cdn.shopify.com/s/files/1/2705/6740/products/1mlPipetteTips_be76a852-901f-4f52-b27c-dba7f8b5e256.jpg?v=1643306603,1,"1000 µl Pipette Tips, No RNase, DNase, PCR inhibitors, Racked, 96 tips/box, 10 box/cs"
pipette-tips-200-µl-bulk-1000-bag,https://cdn.shopify.com/s/files/1/2705/6740/files/Unipet-Tips-range.012818.jpg?v=1731522871,1,"200 µl Pipette Tips, No RNase, DNase, Endotoxin, PCR inhibitors, Bulk, 1000/bag"
96-well-u-bottom-multi-well-cell-culture-plates-1-plate-bag-100-cs,https://cdn.shopify.com/s/files/1/2705/6740/products/96well_Tissue_Culture_Plate.JPG?v=1515552062,1,"96 Well U-bottom, Multi Well Cell Culture Plates, 1 plate/bag, 100/cs"
96-well-flat-bottom-multi-well-cell-culture-plates-1-plate-bag-100-cs,https://cdn.shopify.com/s/files/1/2705/6740/products/96well_Tissue_Culture_Plate_56b2e277-2dca-4079-b31a-ec51216a87b9.JPG?v=1515552125,1,"96 Well-Flat bottom, Multi Well Cell Culture Plates, 1 plate/bag, 100/cs"
24-well-multi-well-cell-culture-plates-1-plate-bag-100-cs,https://cdn.shopify.com/s/files/1/2705/6740/products/24well_and_48well_Tissue_Culture_Plate.JPG?v=1515551922,1,"24 Well Multi Well Cell Culture Plates, 1 plate/bag, 100/cs"
12-well-multi-well-cell-culture-plates-1-plate-bag-100-cs,https://cdn.shopify.com/s/files/1/2705/6740/products/6well_and_12well_Tissue_Culture_Plate_eccb1314-fdf1-45f4-83e6-d393920e471f.JPG?v=1515551846,1,"12 Well Multi Well Cell Culture Plates, 1 plate/bag, 100/cs"
8-tube-strip-caps-for-pcr-tubes-120-strips-bag,https://cdn.shopify.com/s/files/1/2705/6740/products/8_StripTubes-and-flatcaps.012818.png?v=1517165406,1,"8 Tube Strip Caps for PCR Tubes, 120 strips/bag"
8-tube-strip-pcr-tubes-120-strips-bag,https://cdn.shopify.com/s/files/1/2705/6740/products/8_StripTubes-and-flatcaps.012818_025304c2-3bf7-48ad-b459-ad26bbccbc64.png?v=1517165658,1,"8 Tube Strip PCR Tubes, 120 strips/bag"
attached-cap-strip-pcr-tubes-120-strips-bag,https://cdn.shopify.com/s/files/1/2705/6740/products/8striptube.jpg?v=1560018420,1,"8-tube Strip PCR Tube with Attached Cap, 120 strips/bag"
2-0-ml-screw-cap-microtubes-sterile-500-bag,https://cdn.shopify.com/s/files/1/2705/6740/files/red.1.8tube.jpg?v=1731701038,1,"1.8 ml RED Screw Cap Microtubes with silicone gasket, sterile, free of RNase, DNase and pyrogen, 500/bag"
13-x-100-mm-polystyrene-test-tubes-2000-cs,https://cdn.shopify.com/s/files/1/2705/6740/files/testtube_595dd61f-9b68-4d6c-8a3c-d3ccff3e9230.jpg?v=1712059379,1,"13 x 100 mm Polystyrene Test Tubes, 1000/cs"
cardboard-box-10-pk,https://cdn.shopify.com/s/files/1/2705/6740/files/Assorted_box_color_0be94fe2-af16-47fc-8a40-7ab5b99de80e.jpg?v=1726919822,1,"2 inch Cardboard (Freezer) Box, 10/pk"
6-well-multi-well-cell-culture-plates-1-plate-bag-100-cs,https://cdn.shopify.com/s/files/1/2705/6740/products/6well_and_12well_Tissue_Culture_Plate.JPG?v=1515551762,1,"6 Well Multi Well Cell Culture Plates, 1 plate/bag, 100/cs"
isolation-gowns-yellow-10-bag-100-cs,https://cdn.shopify.com/s/files/1/2705/6740/files/level2gowns.jpg?v=1731707101,1,"Disposable Level 2 Isolation Gown Fully Closed Double Tie Neck and Waist, SMS 40g, elastic Cuffs, Blue, 30/case"
transfer-pipettes-sterile-1-ml-capacity-1-pk-400-box,https://cdn.shopify.com/s/files/1/2705/6740/files/transferpipette_8946bed4-8810-495e-8c01-98382662a562.jpg?v=1683226301,1,"Disposable plastic Transfer Pipettes, Sterile, 1 ml Capillary tip, Individually Wrapped, 400 per box"
pipette-tips-10-ul,https://cdn.shopify.com/s/files/1/2705/6740/products/Unipet-Tips-range.012818_a77f47d8-d7e2-4f94-9cb2-9ae2dc30aea5.jpg?v=1522715449,1,"10 µl FILTER Pipette Tips, Low Retention, Sterile, No RNase, DNase, PCR Inhibitors, Pyrogens"
mini-centrifuge,https://cdn.shopify.com/s/files/1/2705/6740/files/MyFugeMiniCentrifugewith2rotors.gif?v=1694802436,1,MyFuge™ Mini Centrifuge with 2 rotors
