Handle,Title,Body (HTML),Vendor,Product Category,Type,Tags,Published,Option1 Name,Option1 Value,Option2 Name,Option2 Value,Variant SKU,Variant Grams,Variant Inventory Tracker,Variant Inventory Qty,Variant Inventory Policy,Variant Fulfillment Service,Variant Price,Variant Requires Shipping,Variant Taxable,Image Src,Image Position,Image Alt Text,SEO Title,SEO Description,Status
heavy-duty-nitrile-exam-gloves-8-mil-500-case,"Heavy Duty Nitrile Exam Gloves, 8 mil, 12"" Cuff, Powder-Free, 500/case","<p>Heavy Duty 8 Mil Nitrile Exam 12"" gloves are<span> </span><span>powder free</span><span> </span>and latex free. These 8 mil<span> gloves</span><span> </span>are textured for maximum grip and extended length for better wrist protection. The added thickness of these gloves allows for improved resistance against punctures and chemicals.</p>
<p class=""title_in_descr"">Features:</p>
<ul>
<li>Premium quality.  No Latex</li>
<li>8.0 mil. Thickness</li>
<li>12"" Length</li>
<li>Meets or exceeds ASTM, FDA &amp; NFPA standards</li>
<li>ISO 9002 certified</li>
<li>Nitrile material is the best disposable option for chemical resistance</li>
<li>Extended Length, Beaded Cuff</li>
<li>Case: 10 boxes / 50 per box</li>
</ul>
<p> </p>
<p class=""title_in_descr"">Recommended For:</p>
<ul>
<li><span>Laboratory, Medical and Research</span></li>
<li><span>EMS/Fentanyl safe </span></li>
<li><span>Industrial</span></li>
<li><span>Janitorial</span></li>
<li><span>Paint and Assembly</span></li>
</ul>",laguna scientific,Business & Industrial > Medical > Medical Supplies > Disposable Gloves,simple,"gloves, nitrile, PPE",TRUE,Size,Small,,,5017S,8618.25503,shopify,50,deny,manual,78.90,TRUE,TRUE,https://cdn.shopify.com/s/files/1/2705/6740/files/ultra-high-risk-gloves.jpg?v=1726916951,1,"Heavy Duty Nitrile Exam Gloves, 8 mil, 12"" Cuff, Powder-Free, 500/case","Heavy Duty Nitrile Exam Gloves, 8 mil, 12"" Cuff | Laguna Scientific","Heavy Duty Nitrile Exam Gloves, 8 mil, 12"" Cuff from Laguna Scientific. Lab supplies and PPE. Volume pricing: 866-9-LAGUNA.",active
heavy-duty-nitrile-exam-gloves-8-mil-500-case,,,,,,,,,Medium,,,5017M,8618.25503,shopify,60,deny,manual,78.90,TRUE,TRUE,,,,,,
heavy-duty-nitrile-exam-gloves-8-mil-500-case,,,,,,,,,Large,,,5017L,8618.25503,shopify,60,deny,manual,78.90,TRUE,TRUE,,,,,,
heavy-duty-nitrile-exam-gloves-8-mil-500-case,,,,,,,,,Extra Large,,,5017XL,8618.25503,shopify,60,deny,manual,78.90,TRUE,TRUE,,,,,,
heavy-duty-nitrile-exam-gloves-8-mil-500-case,,,,,,,,,XXL,,,5017XXL,9071.8474,shopify,50,deny,manual,78.90,TRUE,TRUE,,,,,,
black-nitrile-exam-gloves-6-mil-1000-box,"Black Nitrile Exam Gloves, 6 mil, Powder-Free, 1000/box","<p data-mce-fragment=""1"">Black Nitrile is a great value with exceptional strength, durability and comfort at an economical price. These gloves are manufactured to ISO 9001 standards, so you can work with confidence and count on the quality, consistency and performance of this best-selling nitrile glove. Excellent grip and dexterity to prevent hand fatigue. Ultra-soft and provides superior comfort to wearers. Cost Effective 100 pieces packing style. Great for use in dental offices, the laboratory or similar environments.</p>
<ul data-mce-fragment=""1"">
<li data-mce-fragment=""1"">Size: Small to Extra large<br data-mce-fragment=""1"">
</li>
<li data-mce-fragment=""1"">Thickness: 6.0 to 7.0  mil - High resistance<br>
</li>
<li data-mce-fragment=""1"">100 per Box</li>
<li data-mce-fragment=""1"">Powder Free</li>
<li data-mce-fragment=""1"">Ambidextrous with Beaded Cuff</li>
<li data-mce-fragment=""1"">Latex Free<br>
</li>
<li data-mce-fragment=""1"">Material: Nitrile</li>
<li data-mce-fragment=""1"">Color: Black</li>
</ul>
<p><br></p>
<p data-mce-fragment=""1""><span class=""markedContent"" id=""page4R_mcid65""><span role=""presentation"" dir=""ltr"">Meets ASTM D6319 (USA), FDA, and EN 455 (EEC)</span></span></p>",laguna scientific,Business & Industrial > Medical > Medical Supplies > Disposable Gloves,simple,"gloves, nitrile, PPE",TRUE,Size,Small,,,5009S,9979.03214,shopify,59,deny,manual,95.50,TRUE,TRUE,https://cdn.shopify.com/s/files/1/2705/6740/files/blacknitrileglove_81696d49-11a4-4de0-899f-0ffe53633b62.jpg?v=1726916064,1,"Black Nitrile Exam Gloves, 6 mil, Powder-Free, 1000/box","Black Nitrile Exam Gloves, 6 mil, Powder-Free | Laguna Scientific","Black Nitrile Exam Gloves, 6 mil, Powder-Free, 1000/box from Laguna Scientific. Lab supplies and PPE. Volume pricing: 866-9-LAGUNA.",active
black-nitrile-exam-gloves-6-mil-1000-box,,,,,,,,,Medium,,,5009M,9979.03214,shopify,59,deny,manual,95.50,TRUE,TRUE,,,,,,
black-nitrile-exam-gloves-6-mil-1000-box,,,,,,,,,Large,,,5009L,9979.03214,shopify,59,deny,manual,95.50,TRUE,TRUE,,,,,,
black-nitrile-exam-gloves-6-mil-1000-box,,,,,,,,,Extra Large,,,5009XL,9979.03214,shopify,60,deny,manual,95.50,TRUE,TRUE,,,,,,
soft-nitrile-gloves-4-mil-2000-case,"Soft Nitrile Gloves, 4 mil, Powder-Free, 2000/case (10 boxes)","<p>The Nitrile gloves do not contain natural rubber products (i.e. latex). Ideal for individuals allergic to natural rubber latex.</p>
<p>Dark Violet Blue Nitrile is a great value with exceptional strength, durability and comfort at an economical price. These gloves are manufactured to ISO 9001 standards, so you can work with confidence and count on the quality, consistency and performance of this best-selling nitrile glove. Excellent grip and dexterity to prevent hand fatigue. Ultra-soft and provides superior comfort to wearers. Cost Effective 200 pieces packing style. Great for use in dental offices, the laboratory or similar environments.</p>
<ul>
<li>Size: Small to Extra large<br>
</li>
<li>Finger Thickness: 4 mil - High resistance to oil and grease</li>
<li>200 per Box</li>
<li>Powder Free</li>
<li>Ambidextrous with Beaded Cuff</li>
<li>No rubber latex protein content</li>
<li>Material: Nitrile</li>
<li>Color: Dark Violet Blue</li>
</ul>",laguna scientific,Business & Industrial > Medical > Medical Supplies > Disposable Gloves,simple,"gloves, nitrile, PPE",TRUE,Size,Extra Small,,,5008C-XS,11339.80925,shopify,60,deny,manual,130.95,TRUE,TRUE,https://cdn.shopify.com/s/files/1/2705/6740/files/Nitrile3.5milsoftgloves.0422.webp?v=1726915129,1,"Soft Nitrile Gloves, 4 mil, Powder-Free, 2000/case (10 boxes)","Soft Nitrile Gloves, 4 mil, Powder-Free | Laguna Scientific","Soft Nitrile Gloves, 4 mil, Powder-Free from Laguna Scientific. Lab supplies and PPE. Volume pricing: 866-9-LAGUNA.",active
soft-nitrile-gloves-4-mil-2000-case,,,,,,,,,Small,,,5008C-S,10432.62451,shopify,60,deny,manual,130.95,TRUE,TRUE,,,,,,
soft-nitrile-gloves-4-mil-2000-case,,,,,,,,,Medium,,,5008C-M,10432.62451,shopify,60,deny,manual,130.95,TRUE,TRUE,,,,,,
soft-nitrile-gloves-4-mil-2000-case,,,,,,,,,Large,,,5008C-L,10432.62451,shopify,60,deny,manual,130.95,TRUE,TRUE,,,,,,
soft-nitrile-gloves-4-mil-2000-case,,,,,,,,,Extra Large,,,5008C-XL,10432.62451,shopify,57,deny,manual,130.95,TRUE,TRUE,,,,,,
nitrile-gloves-4-mil-1000-case,"Nitrile Gloves, 4.0 mil, Powder-Free, 1000/case","<p>The Nitrile gloves do not contain natural rubber products (i.e. latex). Ideal for individuals allergic to natural rubber latex.</p>
<p>Blue Nitrile is a great value with exceptional strength, durability and comfort at an economical price. These gloves are manufactured to ISO 9001 standards, so you can work with confidence and count on the quality, consistency and performance of this best-selling nitrile glove. Excellent grip and dexterity to prevent hand fatigue. Ultra-soft and provides superior comfort to wearers. Cost Effective 100 gloves packing style. Great for use in dental offices, the laboratory or similar environments.</p>
<p><strong><em><span>Specifications of the gloves</span></em></strong></p>
<ul>
<li>Size: Small to Large <span> </span><a href=""https://lagunascientific.com/products/cool-blue-soft-nitrile-powder-free-gloves-extra-small-2000-case-1"" title=""https://lagunascientific.com/products/cool-blue-soft-nitrile-powder-free-gloves-extra-small-2000-case-1""><span><strong>(Extra Small &amp; Extra Large available in 2000/case; 5008C)</strong></span></a><br>
</li>
<li>Finger Thickness: 4.0 mil - High resistance to oil and grease</li>
<li>100 per Box</li>
<li>Powder Free</li>
<li>Ambidextrous with Beaded Cuff</li>
<li>No rubber latex protein content</li>
<li>Material: Nitrile</li>
<li>Color: Blue</li>
</ul>",laguna scientific,Business & Industrial > Medical > Medical Supplies > Disposable Gloves,simple,"gloves, nitrile, PPE",TRUE,Size,Extra Small,,,5008XS,4535.9237,shopify,50,deny,manual,75.00,TRUE,TRUE,https://cdn.shopify.com/s/files/1/2705/6740/files/download_49d4f227-465e-49d6-a630-5c040aeb1b1a.jpg?v=1726911400,1,"Nitrile Gloves, 4.0 mil, Powder-Free, 1000/case","Nitrile Gloves, 4.0 mil, Powder-Free, 1000/case | Laguna Scientific","Nitrile Gloves, 4.0 mil, Powder-Free, 1000/case from Laguna Scientific. Lab supplies and PPE. Volume pricing: 866-9-LAGUNA.",active
nitrile-gloves-4-mil-1000-case,,,,,,,,,Small,,,5008S,4535.9237,shopify,31,deny,manual,75.00,TRUE,TRUE,,,,,,
nitrile-gloves-4-mil-1000-case,,,,,,,,,Medium,,,5008M,4535.9237,shopify,-33,deny,manual,75.00,TRUE,TRUE,,,,,,
nitrile-gloves-4-mil-1000-case,,,,,,,,,Large,,,5008L,4989.51607,shopify,44,deny,manual,75.00,TRUE,TRUE,,,,,,
nitrile-gloves-4-mil-1000-case,,,,,,,,,Extra Large,,,5008XL,4989.51607,shopify,49,deny,manual,75.00,TRUE,TRUE,,,,,,
standard-pipette-tips-10-ul,"10 µl Pipette Tips, RNase/DNase/Endotoxin-Free","<p class=""MsoNormal"">Our pipette tips are engineered for all universal pipettes to fit snuggly for<span> </span><span>any discrete sampling procedure.  </span>Our Tips are crafted to provide exceptional precision and free of RNase, PCR inhibitors, endotoxins, and pyrogens.  </p>
<p class=""MsoNormal""><b>Features</b></p>
<ul type=""disc"">
<li class=""MsoNormal"">Designed for optimal performance engineered for universal pipettes</li>
<li class=""MsoNormal"">Certified Free of RNase, DNase, PCR Inhibitors, Endotoxins, and Pyrogens</li>
<li class=""MsoNormal"">100k clean room facility with automated manufacturing<br>
</li>
</ul>",laguna scientific,Business & Industrial > Science & Laboratory > Laboratory Supplies > Pipettes,simple,"pipette tips, liquid handling",TRUE,Format,"Bulk, 1000/bag",,,4000,453.59237,shopify,49,deny,manual,9.20,TRUE,TRUE,https://cdn.shopify.com/s/files/1/2705/6740/files/Unipet-Tips-range.012818.webp?v=1727072734,1,"10 µl Pipette Tips, RNase/DNase/Endotoxin-Free","10 µl Pipette Tips, RNase/DNase/Endotoxin-Free | Laguna Scientific","10 µl Pipette Tips, RNase/DNase/Endotoxin-Free from Laguna Scientific. Lab supplies and PPE. Volume pricing: 866-9-LAGUNA.",active
standard-pipette-tips-10-ul,,,,,,,,,"Racked, Sterile, 96/box x 10",,,4001S,907.18474,shopify,39,deny,manual,29.25,TRUE,TRUE,,,,,,
standard-pipette-tips-10-ul,,,,,,,,,"Refill, 96/refill x 10",,,4001RF,907.18474,shopify,40,deny,manual,19.95,TRUE,TRUE,,,,,,
standard-pipette-tips-200-ul,"200 µl Pipette Tips, RNase/DNase/Endotoxin-Free","<p class=""MsoNormal"">Our pipette tips are engineered for all universal pipettes to fit snuggly for<span> </span><span>any discrete sampling procedure.  </span>Our Tips are crafted to provide exceptional precision and free of RNase, PCR inhibitors, endotoxins, and pyrogens.  </p>
<p class=""MsoNormal""><b>Features</b></p>
<ul type=""disc"">
<li class=""MsoNormal"">Designed for optimal performance engineered for universal pipettes</li>
<li class=""MsoNormal"">Certified Free of RNase, DNase, PCR Inhibitors, Endotoxins, and Pyrogens</li>
<li class=""MsoNormal"">100k clean room facility with automated manufacturing</li>
</ul>",laguna scientific,Business & Industrial > Science & Laboratory > Laboratory Supplies > Pipettes,simple,"pipette tips, liquid handling",TRUE,Format,"Bulk, 1000/bag",,,4005,907.18474,shopify,50,deny,manual,14.95,TRUE,TRUE,https://cdn.shopify.com/s/files/1/2705/6740/files/Unipet-Tips-range.012818.jpg?v=1731522871,1,"200 µl Pipette Tips, RNase/DNase/Endotoxin-Free","200 µl Pipette Tips, RNase/DNase/Endotoxin-Free | Laguna Scientific","200 µl Pipette Tips, RNase/DNase/Endotoxin-Free from Laguna Scientific. Lab supplies and PPE. Volume pricing: 866-9-LAGUNA.",active
standard-pipette-tips-200-ul,,,,,,,,,"Racked, 96/box x 10",,,4006,907.18474,shopify,20,deny,manual,23.50,TRUE,TRUE,,,,,,
standard-pipette-tips-200-ul,,,,,,,,,"Racked, Sterile, 96/box x 10",,,4006RS,11339.80925,shopify,17,deny,manual,30.95,TRUE,TRUE,,,,,,
standard-pipette-tips-200-ul,,,,,,,,,"Refill, 96/refill x 10",,,4006RF,907.18474,shopify,10,deny,manual,19.50,TRUE,TRUE,,,,,,
standard-pipette-tips-1000-ul,"1000 µl Pipette Tips, RNase/DNase-Free","<p class=""MsoNormal"">Our pipette tips are engineered for all universal pipettes to fit snuggly for<span> </span><span>any discrete sampling procedure.  </span>Our Tips are crafted to provide exceptional precision and free of RNase, PCR inhibitors, endotoxins, and pyrogens.  </p>
<p class=""MsoNormal""><b>Features</b></p>
<ul type=""disc"">
<li class=""MsoNormal"">Designed for optimal performance engineered for universal pipettes</li>
<li class=""MsoNormal"">Certified Free of RNase, DNase, PCR Inhibitors, Endotoxins, and Pyrogens</li>
<li class=""MsoNormal"">100k clean room facility with automated manufacturing</li>
</ul>",laguna scientific,Business & Industrial > Science & Laboratory > Laboratory Supplies > Pipettes,simple,"pipette tips, liquid handling",TRUE,Format,"Bulk, 1000/bag",,,4010,907.18474,shopify,50,deny,manual,19.20,TRUE,TRUE,https://cdn.shopify.com/s/files/1/2705/6740/products/pipettetips_2_3e32f171-d979-4608-a9a4-0a73f6e26464.jpg?v=1681336661,1,"1000 µl Pipette Tips, RNase/DNase-Free","1000 µl Pipette Tips, RNase/DNase-Free | Laguna Scientific","1000 µl Pipette Tips, RNase/DNase-Free from Laguna Scientific. Lab supplies and PPE. Volume pricing: 866-9-LAGUNA.",active
standard-pipette-tips-1000-ul,,,,,,,,,"Racked, 96/box x 10",,,4011,1133.980925,shopify,27,deny,manual,25.25,TRUE,TRUE,,,,,,
standard-pipette-tips-1000-ul,,,,,,,,,"Racked, Sterile, 96/box x 10",,,4011S,1133.980925,shopify,5,deny,manual,33.25,TRUE,TRUE,,,,,,
standard-pipette-tips-1000-ul,,,,,,,,,"Refill, 96/refill x 10",,,4011RF,907.18474,shopify,30,deny,manual,26.95,TRUE,TRUE,,,,,,
filter-pipette-tips-sterile-racked,"Filter Pipette Tips, Sterile, Racked, 96/box x 10","<p class=""MsoNormal""><strong>Low Retention, Sterile, Racked Filter pipette</strong> <strong>tips</strong> are engineered for all universal pipettes to fit snuggly for any discrete sampling procedure.  The Filter tips protect both your sample from pipette-born contaminants and your pipette from aerosols, vapors, and liquid splashing.</p>
<p class=""MsoNormal"">Our Tips are crafted to provide exceptional precision and free of DNase, RNase, PCR inhibitors, endotoxins, and pyrogens.  Our refills are cost-effective and reduces plastic waste over traditional tip racks.</p>
<p class=""MsoNormal""><b>Features</b></p>
<ul>
<li style=""list-style-type: none;"">
<ul type=""disc"">
<li class=""MsoNormal"">Designed for optimal performance engineered for universal pipettes</li>
<li class=""MsoNormal"">Certified Free of RNase, DNase, PCR Inhibitors, Endotoxins, and Pyrogens</li>
<li class=""MsoNormal"">100k clean room facility with automated manufacturing<br>
</li>
<li class=""MsoNormal"">Specially developed PE filters stop aerosols contamination from getting into pipette and thus lessens the risk of cross-contamination</li>
</ul>
</li>
</ul>",laguna scientific,Business & Industrial > Science & Laboratory > Laboratory Supplies > Pipettes,simple,"pipette tips, filter tips, liquid handling",TRUE,Volume,10 µl,,,4001S,907.18474,shopify,20,deny,manual,49.25,TRUE,TRUE,https://cdn.shopify.com/s/files/1/2705/6740/products/Filter_tip200_NSS.012818_58aec403-f47b-4391-b8fc-ee000ceea0e4.jpg?v=1522714270,1,"Filter Pipette Tips, Sterile, Racked, 96/box x 10","Filter Pipette Tips, Sterile, Racked, 96/box x 10 | Laguna Scientific","Filter Pipette Tips, Sterile, Racked, 96/box x 10 from Laguna Scientific. Lab supplies and PPE. Volume pricing: 866-9-LAGUNA.",active
filter-pipette-tips-sterile-racked,,,,,,,,,200 µl,,,4026,907.18474,shopify,15,deny,manual,50.25,TRUE,TRUE,,,,,,
filter-pipette-tips-sterile-racked,,,,,,,,,1000 µl,,,4030,1814.36948,shopify,25,deny,manual,59.25,TRUE,TRUE,,,,,,
lts-pipette-tips-low-retention-sterile,"LTS-Compatible Pipette Tips, Low Retention, Sterile","<p class=""MsoNormal"" style=""margin-bottom: 0in;"">Non-filter Low‑retention pipette tips are engineered for Rainin® LTS® style pipettes to fit snuggly for any discrete sampling procedure.  The Filter tips protect both your sample from pipette-born contaminants and your pipette from aerosols, vapors, and liquid splashing.</p>
<p class=""MsoNormal"" style=""margin-bottom: 0in;""> </p>
<p class=""MsoNormal"" style=""margin-bottom: 0in;""><b>Features</b></p>
<ul style=""margin-top: 0in;"" type=""disc"">
<li class=""MsoNormal"" style=""margin-bottom: 0in; mso-list: l0 level1 lfo1; tab-stops: list .5in;"">Designed for optimal performance engineered for Rainin® LTS® style pipettes</li>
<li class=""MsoNormal"" style=""margin-bottom: 0in; mso-list: l0 level1 lfo1; tab-stops: list .5in;"">Certified Free of RNase, DNase, PCR Inhibitors, Endotoxins, and Pyrogens</li>
<li class=""MsoNormal"" style=""margin-bottom: 0in; mso-list: l0 level1 lfo1; tab-stops: list .5in;"">100k clean room facility with automated manufacturing</li>
</ul>",laguna scientific,Business & Industrial > Science & Laboratory > Laboratory Supplies > Pipettes,simple,"pipette tips, LTS, liquid handling",TRUE,Volume,20 µl,,,4002-LTS,1360.77711,shopify,10,deny,manual,59.95,TRUE,TRUE,https://cdn.shopify.com/s/files/1/2705/6740/products/Unipet-Tips-range.012818_a77f47d8-d7e2-4f94-9cb2-9ae2dc30aea5.jpg?v=1522715449,1,"LTS-Compatible Pipette Tips, Low Retention, Sterile","LTS-Compatible Pipette Tips, Low Retention, Sterile | Laguna Scientific","LTS-Compatible Pipette Tips, Low Retention, Sterile from Laguna Scientific. Lab supplies and PPE. Volume pricing: 866-9-LAGUNA.",active
lts-pipette-tips-low-retention-sterile,,,,,,,,,200 µl,,,4006-LTS,1360.77711,shopify,10,deny,manual,59.95,TRUE,TRUE,,,,,,
lts-pipette-tips-low-retention-sterile,,,,,,,,,1000 µl,,,4011-LTS,1360.77711,shopify,50,deny,manual,65.95,TRUE,TRUE,,,,,,
lts-filter-pipette-tips-low-retention-sterile,"LTS-Compatible Filter Pipette Tips, Low Retention, Sterile","<p class=""MsoNormal"" style=""margin-bottom: 0in;"">Low‑retention Filter tips, engineered for Rainin® LTS® style pipettes, protect both your sample from pipette-born contaminants and your pipette from aerosols, vapors, and liquid splashing.</p>
<p class=""MsoNormal"" style=""margin-bottom: 0in;""> </p>
<p class=""MsoNormal"" style=""margin-bottom: 0in;"">Our low‑retention Filter Tips are crafted to provide exceptional precision and free of RNase, PCR inhibitors, endotoxins, and pyrogens.</p>
<p class=""MsoNormal"" style=""margin-bottom: 0in;""><b> </b></p>
<p class=""MsoNormal"" style=""margin-bottom: 0in;""><b>Features</b></p>
<ul style=""margin-top: 0in;"" type=""disc"">
<li class=""MsoNormal"" style=""margin-bottom: 0in; mso-list: l0 level1 lfo1; tab-stops: list .5in;"">Designed for optimal performance engineered for Rainin® LTS® style pipettes</li>
<li class=""MsoNormal"" style=""margin-bottom: 0in; mso-list: l0 level1 lfo1; tab-stops: list .5in;"">Certified Free of RNase, DNase, PCR Inhibitors, Endotoxins, and Pyrogens</li>
<li class=""MsoNormal"" style=""margin-bottom: 0in; mso-list: l0 level1 lfo1; tab-stops: list .5in;"">100k clean room facility with automated manufacturing</li>
<li class=""MsoNormal"" style=""margin-bottom: 0in; mso-list: l0 level1 lfo1; tab-stops: list .5in;"">Specially developed PE filters stop aerosols contamination from getting into pipette and thus lessens the risk of cross-contamination</li>
</ul>",laguna scientific,Business & Industrial > Science & Laboratory > Laboratory Supplies > Pipettes,simple,"pipette tips, LTS, filter tips, liquid handling",TRUE,Volume,10 µl,,,4020,1360.77711,,1,deny,manual,72.95,TRUE,TRUE,https://cdn.shopify.com/s/files/1/2705/6740/files/lts_tips_75932865-7798-4c43-867f-38a47c6d0b09.jpg?v=1743803721,1,"LTS-Compatible Filter Pipette Tips, Low Retention, Sterile","LTS-Compatible Filter Pipette Tips, Low Retention | Laguna Scientific","LTS-Compatible Filter Pipette Tips, Low Retention, Sterile from Laguna Scientific. Lab supplies and PPE. Volume pricing: 866-9-LAGUNA.",active
lts-filter-pipette-tips-low-retention-sterile,,,,,,,,,20 µl,,,4020-LTS,1360.77711,shopify,49,deny,manual,65.95,TRUE,TRUE,,,,,,
