Handle,Status
heavy-duty-8-mil-nitrile-exam-12-powder-free-gloves-500-case-small,draft
heavy-duty-8-mil-nitrile-exam-12-powder-free-gloves-500-case-medium,draft
heavy-duty-8-mil-nitrile-exam-12-powder-free-gloves-500-case-large,draft
heavy-duty-8-mil-nitrile-exam-12-powder-free-gloves-500-case-extra-large,draft
heavy-duty-8-mil-nitrile-exam-12-powder-free-gloves-500-case-xxl,draft
black-nitrile-exam-gloves-powder-free-small-6-mil-1000-box,draft
black-nitrile-exam-gloves-powder-free-medium-6-mil-1000-box,draft
black-nitrile-exam-gloves-powder-free-large-6-mil-1000-box,draft
black-nitrile-exam-gloves-powder-free-extra-large-6-mil-1000-box,draft
soft-nitrile-powder-free-gloves-3-5-mil-extra-small-2000-case-10-boxes,draft
soft-nitrile-powder-free-gloves-3-5-mil-small-2000-case-10-boxes,draft
soft-nitrile-powder-free-gloves-3-5-mil-medium-2000-case-10-boxes,draft
soft-nitrile-powder-free-gloves-3-5-mil-large-2000-case-10-boxes,draft
soft-nitrile-powder-free-gloves-3-5-mil-extra-large-2000-case-10-boxes,draft
nitrile-gloves-powder-free-4-0-mil-extra-small-2000-case,draft
nitrile-gloves-powder-free-4-0-mil-small-1000-case,draft
nitrile-gloves-powder-free-4-0-mil-medium-1000-case,draft
nitrile-gloves-powder-free-4-0-mil-large-1000-case,draft
nitrile-gloves-powder-free-4-0-mil-extra-large-2000-case,draft
disposable-latex-gloves-powder-free-1000-case-10-boxes-extra-small,draft
disposable-latex-gloves-powder-free-1000-case-10-boxes-small,draft
disposable-latex-gloves-powder-free-1000-case-10-boxes-medium,draft
disposable-latex-gloves-powder-free-1000-case-10-boxes-large,draft
disposable-latex-gloves-powder-free-1000-case-10-boxes-extra-large,draft
copy-of-brasil-neoprene-latex-glove-with-terry-lining-2,draft
bulk-1000-bag-1,draft
10-µl-pipette-tips-no-rnase-dnase-endotoxin-pcr-inhibitors-racked-96-tips-box-10-box-cs-copy,draft
refill-96-refill-10-refills-case,draft
pipette-tips-200-µl-bulk-1000-bag,draft
copy-of-200-µl-pipette-tips-bulk-1000-bag,draft
200-µl-pipette-tips-no-rnase-dnase-endotoxin-pcr-inhibitors-racked-96-tips-box-10-box-cs,draft
copy-of-200-µl-pipette-tips-racked-96-box-10-box-case,draft
pipette-tips-1000-µl-bulk-1000-bag,draft
pipette-tips-1000-µl-racked-96-tips-box-10-box-cs,draft
pipette-tips-1000-µl-racked-sterile-96-tips-box-10-box-cs,draft
1000-µl-pipette-tips,draft
filter-pipette-tips-10-µl-racked-sterile-96-tips-box-10-box-cs,draft
filter-pipette-tips-200-µl-racked-sterile-96-tips-box-10-box-cs,draft
filter-pipette-tips-1000-µl-pipette-tipsl-racked-sterile-96-tips-box-10-box-cs,draft
lts-compatible-pipette-tips-20-µl,draft
lts-compatible-pipette-tips-200-µl,draft
lts-compatible-pipette-tips-1000-µl,draft
pipette-tips-10-ul,draft
lts-compatible-pipette-tips-low-rention-sterile-20-µl,draft
