Redirect from,Redirect to
/products/heavy-duty-8-mil-nitrile-exam-12-powder-free-gloves-500-case-small,/products/heavy-duty-nitrile-exam-gloves-8-mil-500-case
/products/heavy-duty-8-mil-nitrile-exam-12-powder-free-gloves-500-case-medium,/products/heavy-duty-nitrile-exam-gloves-8-mil-500-case
/products/heavy-duty-8-mil-nitrile-exam-12-powder-free-gloves-500-case-large,/products/heavy-duty-nitrile-exam-gloves-8-mil-500-case
/products/heavy-duty-8-mil-nitrile-exam-12-powder-free-gloves-500-case-extra-large,/products/heavy-duty-nitrile-exam-gloves-8-mil-500-case
/products/heavy-duty-8-mil-nitrile-exam-12-powder-free-gloves-500-case-xxl,/products/heavy-duty-nitrile-exam-gloves-8-mil-500-case
/products/black-nitrile-exam-gloves-powder-free-small-6-mil-1000-box,/products/black-nitrile-exam-gloves-6-mil-1000-box
/products/black-nitrile-exam-gloves-powder-free-medium-6-mil-1000-box,/products/black-nitrile-exam-gloves-6-mil-1000-box
/products/black-nitrile-exam-gloves-powder-free-large-6-mil-1000-box,/products/black-nitrile-exam-gloves-6-mil-1000-box
/products/black-nitrile-exam-gloves-powder-free-extra-large-6-mil-1000-box,/products/black-nitrile-exam-gloves-6-mil-1000-box
/products/soft-nitrile-powder-free-gloves-3-5-mil-extra-small-2000-case-10-boxes,/products/soft-nitrile-gloves-4-mil-2000-case
/products/soft-nitrile-powder-free-gloves-3-5-mil-small-2000-case-10-boxes,/products/soft-nitrile-gloves-4-mil-2000-case
/products/soft-nitrile-powder-free-gloves-3-5-mil-medium-2000-case-10-boxes,/products/soft-nitrile-gloves-4-mil-2000-case
/products/soft-nitrile-powder-free-gloves-3-5-mil-large-2000-case-10-boxes,/products/soft-nitrile-gloves-4-mil-2000-case
/products/soft-nitrile-powder-free-gloves-3-5-mil-extra-large-2000-case-10-boxes,/products/soft-nitrile-gloves-4-mil-2000-case
/products/nitrile-gloves-powder-free-4-0-mil-extra-small-2000-case,/products/nitrile-gloves-4-mil-1000-case
/products/nitrile-gloves-powder-free-4-0-mil-small-1000-case,/products/nitrile-gloves-4-mil-1000-case
/products/nitrile-gloves-powder-free-4-0-mil-medium-1000-case,/products/nitrile-gloves-4-mil-1000-case
/products/nitrile-gloves-powder-free-4-0-mil-large-1000-case,/products/nitrile-gloves-4-mil-1000-case
/products/nitrile-gloves-powder-free-4-0-mil-extra-large-2000-case,/products/nitrile-gloves-4-mil-1000-case
/products/disposable-latex-gloves-powder-free-1000-case-10-boxes-extra-small,/products/latex-gloves-powder-free-1000-box
/products/disposable-latex-gloves-powder-free-1000-case-10-boxes-small,/products/latex-gloves-powder-free-1000-box
/products/disposable-latex-gloves-powder-free-1000-case-10-boxes-medium,/products/latex-gloves-powder-free-1000-box
/products/disposable-latex-gloves-powder-free-1000-case-10-boxes-large,/products/latex-gloves-powder-free-1000-box
/products/disposable-latex-gloves-powder-free-1000-case-10-boxes-extra-large,/products/latex-gloves-powder-free-1000-box
/products/copy-of-brasil-neoprene-latex-glove-with-terry-lining-2,/products/copy-of-brasil-neoprene-latex-glove-with-terry-lining-1
/products/bulk-1000-bag-1,/products/standard-pipette-tips-10-ul
/products/10-µl-pipette-tips-no-rnase-dnase-endotoxin-pcr-inhibitors-racked-96-tips-box-10-box-cs-copy,/products/standard-pipette-tips-10-ul
/products/refill-96-refill-10-refills-case,/products/standard-pipette-tips-10-ul
/products/pipette-tips-200-µl-bulk-1000-bag,/products/standard-pipette-tips-200-ul
/products/copy-of-200-µl-pipette-tips-bulk-1000-bag,/products/standard-pipette-tips-200-ul
/products/200-µl-pipette-tips-no-rnase-dnase-endotoxin-pcr-inhibitors-racked-96-tips-box-10-box-cs,/products/standard-pipette-tips-200-ul
/products/copy-of-200-µl-pipette-tips-racked-96-box-10-box-case,/products/standard-pipette-tips-200-ul
/products/pipette-tips-1000-µl-bulk-1000-bag,/products/standard-pipette-tips-1000-ul
/products/pipette-tips-1000-µl-racked-96-tips-box-10-box-cs,/products/standard-pipette-tips-1000-ul
/products/pipette-tips-1000-µl-racked-sterile-96-tips-box-10-box-cs,/products/standard-pipette-tips-1000-ul
/products/1000-µl-pipette-tips,/products/standard-pipette-tips-1000-ul
/products/filter-pipette-tips-10-µl-racked-sterile-96-tips-box-10-box-cs,/products/filter-pipette-tips-sterile-racked
/products/filter-pipette-tips-200-µl-racked-sterile-96-tips-box-10-box-cs,/products/filter-pipette-tips-sterile-racked
/products/filter-pipette-tips-1000-µl-pipette-tipsl-racked-sterile-96-tips-box-10-box-cs,/products/filter-pipette-tips-sterile-racked
/products/lts-compatible-pipette-tips-20-µl,/products/lts-pipette-tips-low-retention-sterile
/products/lts-compatible-pipette-tips-200-µl,/products/lts-pipette-tips-low-retention-sterile
/products/lts-compatible-pipette-tips-1000-µl,/products/lts-pipette-tips-low-retention-sterile
/products/pipette-tips-10-ul,/products/lts-filter-pipette-tips-low-retention-sterile
/products/lts-compatible-pipette-tips-low-rention-sterile-20-µl,/products/lts-filter-pipette-tips-low-retention-sterile
