Handle,Title,Product Category
ztest-prod2,ZTEST-PROD2,
ztest-prod1,ZTEST-PROD1,
z326-15-a7,Optional 7ml adapter for Sprint™8 Plus,
z326-15-a5,Optional 5ml adapter for Sprint™8 Plus,
t5000-a-is,T5000-A-IS,
t5000-384,T5000-384,
sb0012-t5,Optional rack for 0.5 ml microtubes,
sb0012-t1520,Optional rack for 1.5/2.0 ml microtubes,
r4045-rp2,R4045-RP2,
r4045,R4045,
r4040-rp,R4040-RP,
r4040-hz50,R4040-HZ50,
r4040-hz15,R4040-HZ15,
r4040-500,R4040-500,
r4040-1520,R4040-1520,
r4040-150,R4040-150,
ipd9600-ck,"Cryo Kit, contains bucket, gloves, goggles and tongs",
ipd9600-96a2,"Tube rack for 96 well adapter 20 x 2.0ml, pack of 2",
ipd9600-96,"Tube rack for 96 well adapter 20 x 2.0ml, pack of 2",
ipd9600-50t,"Adapter for 4x50ml tubes, set of 2",
ipd9600-50g,"Replacement gasket for IPD9600-50S, each",
ipd9600-4pc,"4ml polycarbonate vial, bag of 240, for use with 3/8” SS grinding ball",
ipd9600-3858-1,"Ceramic grinding bars 3/8X5/8, 45°, angled medium ceramic homogenizers pack of 100",
ipd9600-25bs,"25mm stainless steel grinding ball, each",Uncategorized
ipd9600-10bs,"10mm stainless steel grinding ball, each",Uncategorized
h5100-05,"Block, 35x0.5ml",
h5000-15,"Block, 35 x 1.5 ml",
h3770-h,H3770-H,
h3710-s,"Digital Magnetic Stirrer, 10x10""",Uncategorized
h3710-hs,"Digital Hotplate Stirrer, 10x10""",Uncategorized
h3710-h,"Digital Hotplate, 10x10""",Uncategorized
h3550-45-sk,Stacking kit for 45 liter incubator Quantity,
h3550-45-sh,"Additional Shelf for 45 liter incubators, 1 each",
h2505-70sh,"Extra shelf, stainless steel for H2505-70",
h2505-40,"SureTemp™ Dual Convection Incubator, 40L",
h2300-sh,"Extra Shelf, 10.5 x 8 in. Stainless steel (autoclavable)",
h2265-sh,"Extra shelf, stainless steel for H2265-HC",
h2200-sh,"Extra shelf, 10.5 x 8 in. plastic (not autoclavable)",Uncategorized
h2020,Roto-Therm™ Incubated Rotator with Tube Holders,
h1010-sh,"Shelf, 14 x 5.5"" for Petri dishes, plates, trays, etc.",
h1010-p-sp,Universal Spring Platform,
h1010-p-mp,"Platform, holds 6 standard micro plates",
h1010-mr,"MAGic Clamp™ Universal Platform 18 x 18"" (for flasks/tubes)",
h1000-p-mp,"Dedicated Platform, holds 4 standard micro plates",Uncategorized
h1000-p-500,"Dedicated Platform, 5 x 500ml Erlenmeyer flasks",
h1000-p-250,"Dedicated Platform, 8 x 250ml Erlenmeyer flasks",
h1000-p-125,"Dedicated Platform, 12 x 125ml Erlenmeyer flasks",
h1000-mr-tsr,MAGic Clamp™ tilted holder for 15mL and 50mL tube racks,
h1000-mr-t600,"MAGic Clamp™ Tube Rack, 4x500ml or 600ml conical bottles",
h1000-mr-t500h,"MAGic Clamp™ Tube Rack, 2 x 50ml tubes, horizontal",
h1000-mr-t50,"MAGic Clamp™ Tube Rack, 15 x 50ml",
h1000-mr-t150h,"MAGic Clamp™ Tube Rack, 4 x 15ml tubes, horizontal",
h1000-mr-t15,"MAGic Clamp™ Tube Rack, 32x15ml, tubes (max. 8)",
h1000-mr-t14,"MAGic Clamp™ Tube Rack, 72x14mm culture tubes",
h1000-mr-mp,"MAGic Clamp™ magnetic clamp, one microplate",
h1000-mr-cmb,"MAGic Clamp™ COMBO, for 125ml, 250ml, 500ml flasks",
h1000-mr-500,"MAGic Clamp™ magnetic clamp, 500ml Erlenmeyer",
h1000-mr-50,"MAGic Clamp™ magnetic clamp, 50ml Erlenmeyer",
h1000-mr-3000,"MAGic Clamp™ magnetic clamp, 2.8/3L Erlenmeyer",
h1000-mr-250,"MAGic Clamp™ magnetic clamp, 250ml Erlenmeyer",
h1000-mr-2000,"MAGic Clamp™ magnetic clamp, 2000ml Erlenmeyer (max. 5)",
h1000-mr-1550,"MAGic Clamp™ Tube Rack, 30 x 15ml, 20 x 50ml tubes",
h1000-mr-125,"MAGic Clamp™ Tube Rack, 30 x 15ml, 20 x 50ml tubes",
h1000-mr-1000,"MAGic Clamp™ magnetic clamp, 1000ml Erlenmeyer",
drychill™-group,DryChill™-GROUP,
dp0150-8,DP0150-8,
dp0150-6,DP0150-6,
dp0150-3,DP0150-3,
dp0150-2,DP0150-2,
dc9602,"DryChill™ Ice-free Cooling Block, 96 x 0.2ml",Uncategorized
dc4020,"DryChill™ Ice-free Cooling Block, 40 x 1.5/2.0ml",Uncategorized
dc1215,"DryChill™ Ice-free Cooling Block, 12 x 15ml",Uncategorized
dc0650,"DryChill™ Ice-free Cooling Block, 6 x 50ml",Uncategorized
d2400-r5v2,D2400-R5V2,
d2400-r,"BeadBlaster 24R Refrigerated Microtube Homogenizer, 115V",Uncategorized
d1132-group,D1132-GROUP,
d1132-01tp,D1132-01TP,
d1131-10,D1131-10,
d1131-05,D1131-05,
d1131-01,"Benchmark Scientific D1131-01 Bulk Beads, Acid Washed Silica (Glass), 0.1mm; 200g",
d1036-a5,Tube Holder for BeadBug 5ml tubes (2 x 5ml),
d1034-mx,"Prefilled 2.0ml tubes contain a mix of 0.1mm Silica, 1.4 mm diameter Zirconium & 4mm diameter Silica Beads",
d1034-28,"Prefilled 5.0mL tubes; Stainless Steel, 2.8mm acid washed beads",
d1033-30g,"Prefilled 2.0ml tubes, Garnet Shards and one 6 mm Zirconium Bead, 50pk",
d1033-28,"Stainless Steel Beads In 2.0ml Triple Pure Tubes, Acid Washed, 2.8mm Diameter (Pack of 50)",
d1032-sk,"Triple-Pure High Impact Zirconium Beads, Beads, Starter Kit, 10 each of Ø: 0.1. 0.5, 1.0, 1.5 and 3.0mm",
d1032-group,Prefilled tube kits for bead homogenizer,
d1032-60,"2.0ml tubes, 6 mm Ceria Based Zirconium Oxide",
d1032-15,Prefilled 2.0ml tubes Zirconium Beads 0.5mm Triple-Pure - High Impact 50pk,
d1032-10,Prefilled 2.0ml tubes Zirconium Beads 0.5mm Triple-Pure - High Impact 50pk,
d1032-05,Prefilled 2.0ml tubes Zirconium Beads 0.5mm Triple-Pure - High Impact 50pk,
d1032-01,Prefilled 2.0ml tubes Zirconium Beads 0.1mm Triple-Pure - High Impact 50pk,
d1031-rf,Reinforced tubes (empty) pack of 500 with cap and sealing ring,
d1031-10,"Prefilled 2.0ml tubes, Silica (Glass) Beads, 1.0mm Acid Washed, 50pk",
d1031-05,"Prefilled 2.0ml tubes, Silica (Glass) Beads, 0.5mm Acid Washed, 50pk",
d1000-st,Benchmark Scientific D1000-ST Handheld Homogenizer Stand,
d1000-m7,"D1000-M7 REPLACEMENT GENERATOR PACK, 7MM X 50MM SAW TOOTH FOR MICROTUBES, PACK OF 5",
d1000-m14,BENCHMARK SCIENTIFIC Generator Probe: 14 mm x 130 mm,
c5000-6h-pt,C5000-6H-PT Sprint 6H Portable Centrifuge,Uncategorized
c3303-1215,"Benchmark Scientific C3303-1215 12 x 15ml Fixed Angle Rotor, Sprint 6H Plus Accessory, 1 Rotor/Unit",
c3100-adp,"Adapter,For Centrifuges,PK8 C3100-adp",
c2417-r5-adp2,"COMBI-Rotor™, the MC-24 Touch will accept 24×1.5/2.0ml tubes, 2 strips of 0.2ml tubes (16×0.2ml",Uncategorized
c2417-r5,Optional 8 x 5ml rotor for MC-24 centrifuge,
c2000-dwmp,Optional rotor with carriers for deep well plates up to 35mm tall (speed: 1500rpm),
c2000-a02,Benchmark Scientific PlateFuge MicroPlate MicroCentrifuge,
c1612,"High Speed Micro Centrifuge, 12 Place Rotor",
c1008-rot2,Benchmark Scientific C1008-ROT2 Strip Rotor for MyFuge Mini,
c1008-rot,Round Rotor 8 position,
c1008-group,Mini Centrifuge with 2 rotors,
c1008-a5-6,Tube adaptors are compatible with any Benchmark Scientific microcentrifuge,
c1008-a2-6,0.2ml Replacement Adapter Pack for Benchmark Scientific microcentrifuge,Uncategorized
c1005-t5-rk,Work Station Rack for 50 x 5ml tubes,
c1005-frz,"Freezer box for 5ml tubes, pack of 5",
c1005-ac2,"Adapter pack, for Cryovials (0.5 to 2.0ml) and 1.5/2.0ml HPLC vials FOR myFuge 5 Mini Centrifuge",Uncategorized
c1005,MyFuge 5 MicroCentrifuge,Uncategorized
bv101-r,Vornado Miniature Vortex Mixer,
bv1010-tst,Benchmixer™ XL Multi-Tube Vortexer includes 50x12mm tube rack,Uncategorized
bv1010-mp02,BenchMixer XL™ Microplate Rack for 96 x 0.2ml tubes or Strips,Uncategorized
bv1010-mp,BenchMixer™ XL is a heavy duty vortex mixer Rack for up to 3 microplates,
bv1010-50hq,Horizontal Tube Rack for 7 x 50ml QuEChERs,Uncategorized
bv1010-500,"Tube Rack for BenchMixer XL Multi Tube Vortex Mixer, 15 x 50ml Tube",
bv1010-25,"Tube Rack for BenchMixer XL Multi Tube Vortex Mixer, 15 x 25ml Tube",
bv1010-1520,"Tube Rack for BenchMixer XL Multi Tube Vortex Mixer, 50 x 1.5/2ml Tube, 10mm Diameter",
bv1010-150,"BenchMixerTM XL, this tube rack holds up to 50 x 15ml tubes",Uncategorized
bv1010-13,"Tube Rack for BenchMixer XL Multi Tube Vortex Mixer, 50 x 13mm Tube",
bv1010-12,BenchMixer XL Multi-Tube Vortexer,
bv1010-05,"Tube Rack for BenchMixer XL Multi Tube Vortex Mixer, 72 x 0.5ml Tube, 8mm Tube Diameter",
bv1010-00,Replacement Foam Sheet for BenchMixer XL™. (Pack of 2),
bv1010,BenchMixer XL Multi-Tube Vortexer,Uncategorized
bv1003-t500,Optional Foam Rack for 5 x 50 ml tubes,
bv1003-t150,Optional Foam Rack for 12 x 15ml Tubes,
bv1000-h500,"Optional horizontal head, for 2 x 50ml",
bv1000-h150,"Optional horizontal head, for 4 x 15ml",
bv1000-h15,"Optional horizontal head, for 12 x 1.5/2.0ml",
bv1000-flat,FLAT Vortexer Flat head for Vortex Mixer,
bv1000-combo,Optional combination head for one microplate & microtubes (38x1.5 & 28x0.5),
bv1000,BenchMixer Vortex Mixer,Uncategorized
bt4500,Orbi-Shaker CO2 with Remote Controller and Rubber,
bt3000-mr,"MAGic Clamp™ Universal Platform 14 x 12"" (for flasks/tubes)",
bt1500-a1520,"Optional Adapter, 20 x 1.5/2.0 ml for microplate shakers",
bt1500-a05,"Optional Adapter, 20 x 0.5 ml for microplate shakers",
bt1011,"Orbi-Shaker™ XL with Touch Screen Display and rubber mat platform (18""x18"")",Uncategorized
bswpcr2,"Block, 1 x 96-well PCR plate (2&4 block models only)",
bswpcr1,"Block, 1 x 96-well PCR plate (Single block model only)",
bswnmr,"Block, 30 x NMR tubes",
bswmt,"Block, 1 x Micro Plate (2 & 4 block models only)",
bswhem,"Block, 48 x hematocrit tubes, 1.9mm (not compatible with cover)",
bswcmb,"Quick-Flip Universal Block for Digital Dry Baths: Side 1: Holds 24 x 1.5ml/2.0ml and 14 x 0.5 ml Tubes · Side 2: Holds 6 x PCR strips, 48 x 0.2 ml or PCR plate",
bswbct,"Block, 12 x 13mm & 8 x 16mm (Blood Collection Combi-Block)",
bsw5mt,"Block, 12 x 5ml centrifuge tubes (17mm diameter)",
bsw50,Block for 5 x 50ml Centrifuge Tubes,
bsw2mts,"Block, for Microtube Strips (2.0ml) 6 strips",
bsw1520,Block for Centrifuge Tubes 24 x 1.5/2.0ml,
bsw1516,"Block, 12x15-16mm (or 12x10ml blood tube)",
bsw1500,"Block for Dry Baths, holds (24) 1.5ml",
bsw15,Block for 12 x 15ml Centrifuge Tubes,
bsw13,"Dry Bath Block, 20 x 13mm (5 and 7mL Tubes)",
bsw1232,"Block, 20 x HPLC/CryoVial",
bsw10,"Block, 20 x 10mm (or 20 x 2.0ml",
bsw05,"Block, 24 x 0.5ml centrifuge tubes",
bsw02,"Block, 48 x 0.2ml tubes or 6 PCR strips",
bsw01,Solid Block for Digital Dry Baths,
bsh-tp1,Temperature Probe for MyBlock and IsoBlock Dry Baths,
bsh6000,isoBlock Digital Dry Bath without Blocks BSH6000,
bsh200-hl,MyBlock™ Mini Dry Bath with a Heated Lid,
bsh200,MyBlock Mini Dry Bath,
bsh100-cv,"MyBlock™ Dry Baths, holds (8) Cuvettes, 12.5 x 12.5 x 32mm",
bsh100-cu,"Block, solid (for custom machining)",
bsh100-a12,Benchmark Scientific 12v vehicle power adapter,
bsh100-500,"MyBlock™ Dry Baths, holds (2) 50ml Centrifuge Tubes",
bsh1004,Four-Block Digital Dry Bath 115V,
bsh1002,Two-Block Digital Dry Bath,
bsh100-1520,Benchmark Scientific MyBlock Mini - 15 x 1.5/2.0mL,
bsh100-150,"Block for MyBlock™ Dry Baths, holds (4) 15ml Centrifuge Tubes",
bsh100-15,"Block for MyBlock™ Dry Baths, holds (15) 1.5ml Centrifuge Tubes. For Use With: MyBlock™ Mini Dry Baths",
bsh100-1232,Benchmark Scientific MyBlock Mini - For 15 x 2.0mL,
bsh1001,One-Block Digital Dry Bath 115V,
bsh1000-group,BSH1000 Series Digital Dry Baths,
bsh100-05,"Block for MyBlock™ Dry Baths, holds (24) 0.5ml",
bsh100-02,"Block, 40 x 0.2ml (or 5 x PCR strips)",
br2000-stack,"BenchRocker™ 2D Variable Speed Rocker with 14""x12"" flat mat platform",
br2000-flat,"BenchRocker™ 2D Variable Speed Rocker with 14""x12"" flat mat platform",
br2000,"BenchRocker™ 2D Variable Speed Rocker with 14""x12"" flat mat platform",Uncategorized
br1000-stack-d,"Stacking platform, large 12""x12"" with dimpled mat (",
br1000-stack,"Stacking platform, large 12""x12"" with flat mat (3.0"" separation",
br1000-flat,"Flat Mat, large 12"" x 12""",
b4000-pa,B4000-PA,
b4000-p,B4000-P,
b4000-28-220,BioClave 28 Research Sterilizer 28L 200-240V,
b3d-stack-d,"Stacking platform, small 10.5""x7.5"" with dimpled mat (3.0"" separation)",
b3d-stack,"Stacking platform, small 10.5""x7.5"" with dimpled mat (3.0"" separation)",
b3d-flat,"Flat Mat, small 10.5"" x 7.5""",
b3d-dimpled,"Dimpled Mat, small 10.5"" x 7.5""",
b3d5000-stk,Optional Stacking Platform with Flat Mat (4.5” clearance),
b3d5000-dimp,Optional dimpled mat for use with a variety of tubes,
b3d5000,"BenchWaver™ 3D Rocker with 13.5x13"" flat mat platform",Uncategorized
b3d1020,"MiniMixer™ 3D Nutating Shaker, fixed speed 10""x7.5"" platform, dimpled mat, 115V",
b2000-8-t500,Tube rack for 30 x 50 ml tubes,
b2000-8-t150,Tube rack for 76 x 15 ml tubes,
b2000-8,B2000-8,Uncategorized
b2000-4-t500,Tube rack for 15 x 50 ml tubes,
b2000-4-t5,Tube rack for 40 x 0.5 ml tubes,
b2000-4-t1520,Tube rack for 48 x 1.5/2.0 ml tubes,
b2000-2,MyBath 2L Digital Water Bath,
b2000-12,myBath 12L Digital Water Bath,
b1450-sh-uv,Optional/Extra UV Transparent Shelf,
b1450-sh,Optional/Extra UV Transparent Shelf,
b1450-iss,"UV-C Indicator Stickers, 0.5x0.5"", for UV Clave",
b1201-group,B1201-GROUP,
b1001-xl,BactiZapper Tilt MicroSterilizer with Adjustable Tilt Angle,
b1001-group,B1001-GROUP,
b1001,Benchmark Scientific BactiZapper TILT Micro-Sterilizer with adjustable tilt angle,
b1000-ra,"Heating Element, 115 voltage",
copy-of-block-24-x-12mm-max-speed-1200-rpm,"Block, 12 x 15ml (Max speed: 750 rpm)",Business & Industrial > Science & Laboratory > Laboratory Equipment
copy-of-block-35-x-2-0ml,"Block, 24 x 12mm (Max. speed: 1200 rpm)",Business & Industrial > Science & Laboratory > Laboratory Equipment
copy-of-tube-rack-12x1-5ml-horizontal-max-3,"Tube Rack, 4x15ml horizontal, max. 4",Business & Industrial > Science & Laboratory > Laboratory Equipment
copy-of-tube-rack-for-h1000-mr-15x50ml-max-3,"Rack for H1000-MR, 4x500/600ml bottle, max. 1",Business & Industrial > Science & Laboratory > Laboratory Equipment
copy-of-tube-rack-for-h1000-mr-32x15ml-max-3,"Tube Rack for H1000-MR, 15x50ml, max. 2",Business & Industrial > Science & Laboratory > Laboratory Equipment
copy-of-tube-rack-for-h1000-mr-30x15ml-20x50ml-max-1,"Tube Rack for H1000-MR, 32x15ml, max. 2",Business & Industrial > Science & Laboratory > Laboratory Equipment
copy-of-clamp-for-1-x-microplate-for-h1000-mr-max-5,"Tube Rack for H1000-MR, 30x15ml & 20x50ml, max. 1",Business & Industrial > Science & Laboratory > Laboratory Equipment
copy-of-flask-clamp-for-h1000-mr-500ml-max-6,"Flask clamp for H1000-MR, 1000ml max. 2",Business & Industrial > Science & Laboratory > Laboratory Equipment
copy-of-flask-clamp-for-h1000-mr-50ml-max-21,"Flask clamp for H1000-MR, 125ml, max.12",Business & Industrial > Science & Laboratory > Laboratory Equipment
copy-of-dedicated-platform-for-5-x-500ml-flasks,Optional CO2 regulator,Business & Industrial > Science & Laboratory > Laboratory Equipment
copy-of-magic-clamp™-universal-platform-for-flasks-and-tube-racks-9-5-x-11-5,Spring platform for unique vessel types,Business & Industrial > Science & Laboratory > Laboratory Equipment
copy-of-tube-rack-12x1-5ml-horizontal-max-2,"Angled tube rack holder, adjustable tilt (max. 1)",Business & Industrial > Science & Laboratory > Laboratory Equipment
copy-of-tube-rack-for-h1000-mr-15x50ml-max-2,"BENCHMARK Rack for H1000-MR, 4x500/600ml bottle, max. 1",Business & Industrial > Science & Laboratory > Laboratory Equipment
copy-of-incu-shaker-mini-with-flat-mat-platform,"Tube Rack for H1000-MR, 32x15ml, max. 2",Business & Industrial > Science & Laboratory > Laboratory Equipment
copy-of-flask-clamp-for-h1000-mr-250ml-max-8,"Flask clamp for H1000-MR, 500ml, max. 5",Business & Industrial > Science & Laboratory > Laboratory Equipment
copy-of-flask-clamp-for-h1000-mr-125ml-max-12,"Flask clamp for H1000-MR, 250ml, max. 8",Business & Industrial > Science & Laboratory > Laboratory Equipment
copy-of-flask-clamp-for-h1000-mr-25ml-max-20,"Flask clamp for H1000-MR, 50ml, max. 20",Business & Industrial > Science & Laboratory > Laboratory Equipment
copy-of-adjustable-flask-clamp-accepts-125ml-250ml-500ml-max-5x500-8x250-or-12x125ml,"Flask clamp for H1000-MR, 25ml, max.20",Business & Industrial > Science & Laboratory > Laboratory Equipment
copy-of-spring-platform-for-unique-vessel-types-1,"ADJUSTABLE flask clamp, accepts 125ml, 250ml & 500ml (max. 5x500, 8x250 or 12x125ml)",Business & Industrial > Science & Laboratory > Laboratory Equipment
copy-of-4-x-microplate-platform,Spring platform for unique vessel types,Business & Industrial > Science & Laboratory > Laboratory Equipment
copy-of-incushaker-mini-shaking-incubator-with-flat-mat-platform,4 x microplate platform,Business & Industrial > Science & Laboratory > Laboratory Equipment
copy-of-tube-rack-4x15ml-horizontal-max-8,"Tube Rack, 2x50ml horizontal, max. 8",Business & Industrial > Science & Laboratory > Laboratory Equipment
copy-of-tube-rack-12x1-5ml-horizontal-max-6,"Tube Rack, 4x15ml horizontal, max. 8",Business & Industrial > Science & Laboratory > Laboratory Equipment
copy-of-bottle-rack-for-h1000-mr-4x500-600ml-bottle-max-4,"Tube Rack, 12x1.5ml horizontal, max. 6",Business & Industrial > Science & Laboratory > Laboratory Equipment
copy-of-tube-rack-for-h1000-mr-15x50ml-max-8,"Bottle Rack for H1000-MR, 4x500/600ml bottle, max. 4",Business & Industrial > Science & Laboratory > Laboratory Equipment
copy-of-tube-rack-for-h1000-mr-32x15ml-max-8,"Tube Rack for H1000-MR, 15x50ml, max. 8",Business & Industrial > Science & Laboratory > Laboratory Equipment
copy-of-tube-rack-for-h1000-mr-30x15ml-20x50ml-max-4,"Tube Rack for H1000-MR, 32x15ml, max. 8",Business & Industrial > Science & Laboratory > Laboratory Equipment
copy-of-clamp-for-1-x-microplate-for-h1000-mr-max-6,"Tube Rack for H1000-MR, 30x15ml & 20x50ml, max. 4",Business & Industrial > Science & Laboratory > Laboratory Equipment
copy-of-flask-clamp-for-h1000-mr-2l-max-5,"Flask clamp for H1000-MR, 2.8L, max. 4",Business & Industrial > Science & Laboratory > Laboratory Equipment
copy-of-flask-clamp-for-h1000-mr-1l-max-9,"Flask clamp for H1000-MR, 2L, max. 5",Business & Industrial > Science & Laboratory > Laboratory Equipment
copy-of-flask-clamp-for-h1000-mr-500ml-max-16,"Flask clamp for H1000-MR, 1L, max. 9",Business & Industrial > Science & Laboratory > Laboratory Equipment
copy-of-flask-clamp-for-h1000-mr-250ml-max-25,"Flask clamp for H1000-MR, 500ml, max. 16",Business & Industrial > Science & Laboratory > Laboratory Equipment
copy-of-flask-clamp-for-h1000-mr-125ml-max-36,"Flask clamp for H1000-MR, 250ml, max. 25",Business & Industrial > Science & Laboratory > Laboratory Equipment
copy-of-copy-of-flask-clamp-for-h1000-mr-50ml-max-49,"Flask clamp for H1000-MR, 125ml, max. 36",Business & Industrial > Science & Laboratory > Laboratory Equipment
copy-of-flask-clamp-for-h1000-mr-25ml-max-49,"Flask clamp for H1000-MR, 50ml, max.49",Business & Industrial > Science & Laboratory > Laboratory Equipment
copy-of-adjustable-flask-clamp-accepts-125ml-250ml-500ml-max-16x500-25x250-or-36x125ml,"Flask clamp for H1000-MR, 25ml, max.49",Business & Industrial > Science & Laboratory > Laboratory Equipment
copy-of-optional-shelf-14-x-5-5-for-petri-dishes-microplates-etc,"ADJUSTABLE flask clamp, accepts 125ml, 250ml & 500ml (max. 16x500, 25x250 or 36x125ml)",Business & Industrial > Science & Laboratory > Laboratory Equipment
copy-of-6-x-microplate-platform,"Optional shelf, 14 x 5,5"" for Petri dishes, microplates, etc",Business & Industrial > Science & Laboratory > Laboratory Equipment
copy-of-spring-platform-for-unique-vessel-types,6 x microplate platform,Business & Industrial > Science & Laboratory > Laboratory Equipment
copy-of-magic-clamp-universal-platform-for-flasks-and-tube-racks-18-x-18-in,Spring platform for unique vessel types,Business & Industrial > Science & Laboratory > Laboratory Equipment
magic-clamp-universal-platform-for-flasks-and-tube-racks-18-x-18-in,MAGIc Clamp universal platform for flasks and tube racks (18 x 18 in.),Business & Industrial > Science & Laboratory > Laboratory Equipment
copy-of-replacement-adapter-pack-0-5ml-6-pk,"Replacement adapter pack, 0.2ml 6/pk",Business & Industrial > Science & Laboratory > Laboratory Equipment
replacement-adapter-pack-0-5ml-6-pk,"Replacement adapter pack, 0.5ml 6/pk",Business & Industrial > Science & Laboratory > Laboratory Equipment
block-12-x-5ml-centrifuge-tubes-17mm-diameter,"Block, 12 x 5ml centrifuge tubes (17mm diameter)",Business & Industrial > Science & Laboratory > Laboratory Equipment
block-12x15-16mm-or-12x10ml-blood-tube,"Block, 12x15-16mm (or 12x10ml blood tube)",Business & Industrial > Science & Laboratory > Laboratory Equipment
block-20-x-13mm-or-20-x-5-7ml-blood-tube,"Block, 20 x 13mm (or 20 x 5/7ml blood tube)",Business & Industrial > Science & Laboratory > Laboratory Equipment
block-20-x-10mm-or-20-x-2-0ml,"Block, 20 x 10mm (or 20 x 2.0ml)",Business & Industrial > Science & Laboratory > Laboratory Equipment
block-12-x-15ml-block-height-3-25-in,"Block, 12 x 15ml (block height: 3.25 in.)",Business & Industrial > Science & Laboratory > Laboratory Equipment
block-24-x-0-5ml,"Block, 24 x 0.5ml",Business & Industrial > Science & Laboratory > Laboratory Equipment
block-24-x-1-5-2-0ml,"Block, 24 x 1.5/2.0ml",Business & Industrial > Science & Laboratory > Laboratory Equipment
block-24-x-1-5ml,"Block, 24 x 1.5ml",Business & Industrial > Science & Laboratory > Laboratory Equipment
quick-flip™-universal-block-side-1-holds-24-x-1-5ml-2-0ml-14-x-0-5ml-side-2-holds-6-x-pcr-strips-48-x-0-2ml-or-1-pcr-plate,"Quick-Flip™ Universal block Side 1: Holds: 24 x 1.5ml/2.0ml & 14 x 0.5ml Side 2: Holds: 6 x PCR strips, 48 x 0.2ml or 1 PCR Plate†",Business & Industrial > Science & Laboratory > Laboratory Equipment
96-well-no-skirt-clear-raised-plate-0-2-ml-10-pk,"96 Well, No-Skirt, clear Raised plate,0.2 ml,  10/pk",Business & Industrial > Science & Laboratory > Laboratory Supplies
