Variant SKU,Handle,_title,Variant Price
4001S,10-µl-pipette-tips-no-rnase-dnase-endotoxin-pcr-inhibitors-racked-96-tips-box-10-box-cs-copy,"10 µl Pipette Tips, No RNase, DNase, Endotoxin, PCR inhibitors, Sterile, Racked, 96 tips/box,  10 box/cs",29.25
4001S,filter-pipette-tips-10-µl-racked-sterile-96-tips-box-10-box-cs,"10 µl Pipette Tips, No RNase, DNase, Endotoxin, PCR inhibitors, Racked, Sterile, 96 tips/box",49.25
4031-AB-FAST,pcr-plate,96-Well PCR Plates,32.0
4031-AB-FAST,96-well-pcr-plate-half-skirt-abi-fast-1,"96-Well PCR Plate, Half Skirt, ABI Fast",25.0
4031-ABIC,pcr-plate,96-Well PCR Plates,32.0
4031-ABIC,96-well-pcr-plates-full-skirt,"96-Well PCR Plate, Half Skirt, ABI compatible",22.0
4031-FS,pcr-plate,96-Well PCR Plates,32.0
4031-FS,96-well-pcr-plate-half-skirt-abi-fast,"96-Well PCR Plate, Full Skirt",25.0
4031-HS,96-well-pcr-plate-half-skirt,"96-Well PCR Plate, Half Skirt with single notch",28.0
4031-HS,pcr-plate,96-Well PCR Plates,32.0
4050-RTF,pcr-tubes-and-strips,PCR Tubes and Strips,65.0
4050-RTF,pcr-tubes-flat-top-cap-optically-clear-for-real-time-pcr-1000-bag,"PCR Tubes, Flat top cap ,Optically Clear for Real Time PCR,1000/bag",65.0
4050D,pcr-tubes-and-strips,PCR Tubes and Strips,55.0
4050D,pcr-tubes-dome-cap-1000-bag,"PCR Tubes, Dome cap, 1000/bag",55.0
4050F,pcr-tubes-flat-top-cap-1000-bag,"PCR Tubes, Flat top cap ,1000/bag",55.0
4050F,pcr-tubes-and-strips,PCR Tubes and Strips,55.0
4055HC,attached-cap-strip-pcr-tubes-120-strips-bag,"8-tube Strip PCR Tube with Attached Cap, 120 strips/bag",85.7
4055HC,pcr-tubes-and-strips,PCR Tubes and Strips,85.7
4056,8-tube-strip-pcr-tubes-120-strips-bag,"8 Tube Strip PCR Tubes, 120 strips/bag",75.7
4056,pcr-tubes-and-strips,PCR Tubes and Strips,75.7
4059,0-5-ml-microcentrifuge-tubes-1000-bag-1,0.5 ml Microcentrifuge Tubes 1000/bag,12.75
4059,microcentrifuge-tubes,Microcentrifuge Tubes,12.75
4080PS,12-x-75-mm-culture-tubes-polystyrene-500-case,12 X 75 mm Culture Tubes Polystyrene 500/case,69.75
4080PS,12-x-75-mm-polystyrene-test-tubes-1000-pk,"12 x 75 mm Polystyrene Test Tubes, 1000/pk",32.75
4207S,2-0-ml-screw-cap-microtubes-sterile-500-bag,"1.8 ml RED Screw Cap Microtubes with silicone gasket, sterile, free of RNase, DNase and pyrogen, 500/bag",38.0
4207S,1-8-ml-red-screw-cap-microtubes-with-silicone-gasket-sterile-500-bag-copy,"1.8 ml YELLOW Screw Cap Microtubes with silicone gasket, sterile, free of RNase, DNase and pyrogen, 500/bag",58.0
4538,50-ml-self-standing-conical-tubes-sterile-bulk-500-case,"50 ml Self Standing Conical Tubes, Sterile, BULK, 500/case",70.0
4538,copy-of-50-ml-conical-centrifuge-tubes-bulk-sterile-500-cs,"Self Standing 50 ml Conical Centrifuge Tubes, Bulk, Sterile, 500/cs",110.0
4624-400,copy-of-cell-strainers-70-μm-pore-size-white-frame-individual-package-sterile-50-box,"Cell Strainers, 40 μm pore size, Blue frame, Individual Package, Sterile, 50/Box",75.0
4624-400,cell-strainers-individually-packaged-sterile,"Cell Strainers, 100 μm pore size, White frame, Individual Package, Sterile, 50/Box",75.0
4624-700,cell-strainers-70-μm-pore-size-white-frame-sterile-50-box-1-pack,Cell Strainers 70 μm pore size white frame sterile 50/box 1/pack,75.0
4624-700,cell-strainers-sterile,"Cell Strainers, 70 μm pore size, White frame, Individual Package, Sterile, 50/Box",75.0
5002L,latex-gloves-powder-free-1000-box,"Disposable Latex Gloves, Powder-Free, 1000/case (10 boxes)",70.0
5002L,disposable-latex-gloves-powder-free-1000-case-10-boxes-large,"Disposable Latex Gloves, Powder-Free, 1000/case (10 boxes), Large",70.0
5002M,disposable-latex-gloves-powder-free-1000-case-10-boxes-medium,"Disposable Latex Gloves, Powder-Free, 1000/case (10 boxes), Medium",70.0
5002M,latex-gloves-powder-free-1000-box,"Disposable Latex Gloves, Powder-Free, 1000/case (10 boxes)",70.0
5002S,disposable-latex-gloves-powder-free-1000-case-10-boxes-small,"Disposable Latex Gloves, Powder-Free, 1000/case (10 boxes), Small",70.0
5002S,latex-gloves-powder-free-1000-box,"Disposable Latex Gloves, Powder-Free, 1000/case (10 boxes)",70.0
5002XL,latex-gloves-powder-free-1000-box,"Disposable Latex Gloves, Powder-Free, 1000/case (10 boxes)",72.0
5002XL,disposable-latex-gloves-powder-free-1000-case-10-boxes-extra-large,"Disposable Latex Gloves, Powder-Free, 1000/case (10 boxes), Extra Large",70.0
BSW05,bsw05,"Block, 24 x 0.5ml centrifuge tubes",144.7
BSW05,block-24-x-0-5ml,"Block, 24 x 0.5ml",99.5
BSW1500,bsw1500,"Block for Dry Baths, holds (24) 1.5ml",144.7
BSW1500,block-24-x-1-5ml,"Block, 24 x 1.5ml",99.5
BSW1520,bsw1520,Block for Centrifuge Tubes 24 x 1.5/2.0ml,144.7
BSW1520,block-24-x-1-5-2-0ml,"Block, 24 x 1.5/2.0ml",99.5
BSW5MT,block-12-x-5ml-centrifuge-tubes-17mm-diameter,"Block, 12 x 5ml centrifuge tubes (17mm diameter)",99.5
BSW5MT,bsw5mt,"Block, 12 x 5ml centrifuge tubes (17mm diameter)",144.7
BSWCMB,quick-flip™-universal-block-side-1-holds-24-x-1-5ml-2-0ml-14-x-0-5ml-side-2-holds-6-x-pcr-strips-48-x-0-2ml-or-1-pcr-plate,"Quick-Flip™ Universal block Side 1: Holds: 24 x 1.5ml/2.0ml & 14 x 0.5ml Side 2: Holds: 6 x PCR strips, 48 x 0.2ml or 1 PCR Plate†",129.0
BSWCMB,bswcmb,"Quick-Flip Universal Block for Digital Dry Baths: Side 1: Holds 24 x 1.5ml/2.0ml and 14 x 0.5 ml Tubes · Side 2: Holds 6 x PCR strips, 48 x 0.2 ml or PCR plate",194.1
BT1500-A05,bt1500-a05,"Optional Adapter, 20 x 0.5 ml for microplate shakers",85.12
BT1500-A05,copy-of-microtube-adapter-20-x-1-5-2-0ml-max-4,"Microtube adapter, 20 x 0.5ml (max. 4)",74.0
C1008-A2-6,copy-of-replacement-adapter-pack-0-5ml-6-pk,"Replacement adapter pack, 0.2ml 6/pk",19.0
C1008-A2-6,c1008-a2-6,0.2ml Replacement Adapter Pack for Benchmark Scientific microcentrifuge,24.08
C1008-A5-6,c1008-a5-6,Tube adaptors are compatible with any Benchmark Scientific microcentrifuge,24.08
C1008-A5-6,replacement-adapter-pack-0-5ml-6-pk,"Replacement adapter pack, 0.5ml 6/pk",19.0
H1000-MR-1000,copy-of-flask-clamp-for-h1000-mr-500ml-max-16,"Flask clamp for H1000-MR, 1L, max. 9",49.0
H1000-MR-1000,copy-of-flask-clamp-for-h1000-mr-500ml-max-6,"Flask clamp for H1000-MR, 1000ml max. 2",49.0
H1000-MR-1000,h1000-mr-1000,"MAGic Clamp™ magnetic clamp, 1000ml Erlenmeyer",61.6
H1000-MR-125,h1000-mr-125,"MAGic Clamp™ Tube Rack, 30 x 15ml, 20 x 50ml tubes",35.84
H1000-MR-125,copy-of-copy-of-flask-clamp-for-h1000-mr-50ml-max-49,"Flask clamp for H1000-MR, 125ml, max. 36",28.5
H1000-MR-125,copy-of-flask-clamp-for-h1000-mr-50ml-max-21,"Flask clamp for H1000-MR, 125ml, max.12",28.5
H1000-MR-1550,copy-of-clamp-for-1-x-microplate-for-h1000-mr-max-5,"Tube Rack for H1000-MR, 30x15ml & 20x50ml, max. 1",129.0
H1000-MR-1550,copy-of-clamp-for-1-x-microplate-for-h1000-mr-max-6,"Tube Rack for H1000-MR, 30x15ml & 20x50ml, max. 4",129.0
H1000-MR-1550,h1000-mr-1550,"MAGic Clamp™ Tube Rack, 30 x 15ml, 20 x 50ml tubes",161.28
H1000-MR-2000,h1000-mr-2000,"MAGic Clamp™ magnetic clamp, 2000ml Erlenmeyer (max. 5)",79.52
H1000-MR-2000,copy-of-flask-clamp-for-h1000-mr-1l-max-9,"Flask clamp for H1000-MR, 2L, max. 5",64.5
H1000-MR-25,copy-of-adjustable-flask-clamp-accepts-125ml-250ml-500ml-max-5x500-8x250-or-12x125ml,"Flask clamp for H1000-MR, 25ml, max.20",49.0
H1000-MR-25,copy-of-adjustable-flask-clamp-accepts-125ml-250ml-500ml-max-16x500-25x250-or-36x125ml,"Flask clamp for H1000-MR, 25ml, max.49",49.0
H1000-MR-250,copy-of-flask-clamp-for-h1000-mr-125ml-max-36,"Flask clamp for H1000-MR, 250ml, max. 25",31.5
H1000-MR-250,h1000-mr-250,"MAGic Clamp™ magnetic clamp, 250ml Erlenmeyer",40.32
H1000-MR-250,copy-of-flask-clamp-for-h1000-mr-125ml-max-12,"Flask clamp for H1000-MR, 250ml, max. 8",31.5
H1000-MR-3000,copy-of-flask-clamp-for-h1000-mr-2l-max-5,"Flask clamp for H1000-MR, 2.8L, max. 4",80.0
H1000-MR-3000,h1000-mr-3000,"MAGic Clamp™ magnetic clamp, 2.8/3L Erlenmeyer",99.68
H1000-MR-50,h1000-mr-50,"MAGic Clamp™ magnetic clamp, 50ml Erlenmeyer",33.6
H1000-MR-50,copy-of-flask-clamp-for-h1000-mr-25ml-max-49,"Flask clamp for H1000-MR, 50ml, max.49",26.0
H1000-MR-50,copy-of-flask-clamp-for-h1000-mr-25ml-max-20,"Flask clamp for H1000-MR, 50ml, max. 20",26.0
H1000-MR-500,h1000-mr-500,"MAGic Clamp™ magnetic clamp, 500ml Erlenmeyer",40.32
H1000-MR-500,copy-of-flask-clamp-for-h1000-mr-250ml-max-8,"Flask clamp for H1000-MR, 500ml, max. 5",32.0
H1000-MR-500,copy-of-flask-clamp-for-h1000-mr-250ml-max-25,"Flask clamp for H1000-MR, 500ml, max. 16",32.0
H1000-MR-CMB,h1000-mr-cmb,"MAGic Clamp™ COMBO, for 125ml, 250ml, 500ml flasks",47.32
H1000-MR-CMB,copy-of-spring-platform-for-unique-vessel-types-1,"ADJUSTABLE flask clamp, accepts 125ml, 250ml & 500ml (max. 5x500, 8x250 or 12x125ml)",36.5
H1000-MR-T15,copy-of-tube-rack-for-h1000-mr-30x15ml-20x50ml-max-1,"Tube Rack for H1000-MR, 32x15ml, max. 2",129.0
H1000-MR-T15,h1000-mr-t15,"MAGic Clamp™ Tube Rack, 32x15ml, tubes (max. 8)",161.28
H1000-MR-T15,copy-of-incu-shaker-mini-with-flat-mat-platform,"Tube Rack for H1000-MR, 32x15ml, max. 2",129.0
H1000-MR-T15,copy-of-tube-rack-for-h1000-mr-30x15ml-20x50ml-max-4,"Tube Rack for H1000-MR, 32x15ml, max. 8",129.0
H1000-MR-T150H,copy-of-tube-rack-12x1-5ml-horizontal-max-3,"Tube Rack, 4x15ml horizontal, max. 4",89.0
H1000-MR-T150H,h1000-mr-t150h,"MAGic Clamp™ Tube Rack, 4 x 15ml tubes, horizontal",111.89
H1000-MR-T150H,copy-of-tube-rack-12x1-5ml-horizontal-max-6,"Tube Rack, 4x15ml horizontal, max. 8",89.0
H1000-MR-T50,copy-of-tube-rack-for-h1000-mr-32x15ml-max-8,"Tube Rack for H1000-MR, 15x50ml, max. 8",129.0
H1000-MR-T50,h1000-mr-t50,"MAGic Clamp™ Tube Rack, 15 x 50ml",161.28
H1000-MR-T50,copy-of-tube-rack-for-h1000-mr-32x15ml-max-3,"Tube Rack for H1000-MR, 15x50ml, max. 2",129.0
H1000-MR-T600,copy-of-tube-rack-for-h1000-mr-15x50ml-max-3,"Rack for H1000-MR, 4x500/600ml bottle, max. 1",149.0
H1000-MR-T600,h1000-mr-t600,"MAGic Clamp™ Tube Rack, 4x500ml or 600ml conical bottles",187.04
H1000-MR-T600,copy-of-tube-rack-for-h1000-mr-15x50ml-max-8,"Bottle Rack for H1000-MR, 4x500/600ml bottle, max. 4",149.0
H1000-MR-T600,copy-of-tube-rack-for-h1000-mr-15x50ml-max-2,"BENCHMARK Rack for H1000-MR, 4x500/600ml bottle, max. 1",149.0
H1000-MR-TSR,h1000-mr-tsr,MAGic Clamp™ tilted holder for 15mL and 50mL tube racks,122.08
H1000-MR-TSR,copy-of-tube-rack-12x1-5ml-horizontal-max-2,"Angled tube rack holder, adjustable tilt (max. 1)",89.0
H1000-P-MP,h1000-p-mp,"Dedicated Platform, holds 4 standard micro plates",713.59
H1000-P-MP,copy-of-incushaker-mini-shaking-incubator-with-flat-mat-platform,4 x microplate platform,469.0
H1000-P-SP,copy-of-4-x-microplate-platform,Spring platform for unique vessel types,479.0
H1000-P-SP,copy-of-magic-clamp™-universal-platform-for-flasks-and-tube-racks-9-5-x-11-5,Spring platform for unique vessel types,469.0
H1010-MR,h1010-mr,"MAGic Clamp™ Universal Platform 18 x 18"" (for flasks/tubes)",368.48
H1010-MR,magic-clamp-universal-platform-for-flasks-and-tube-racks-18-x-18-in,MAGIc Clamp universal platform for flasks and tube racks (18 x 18 in.),299.0
H1010-P-MP,h1010-p-mp,"Platform, holds 6 standard micro plates",805.28
H1010-P-MP,copy-of-spring-platform-for-unique-vessel-types,6 x microplate platform,599.0
H1010-P-SP,h1010-p-sp,Universal Spring Platform,621.6
H1010-P-SP,copy-of-magic-clamp-universal-platform-for-flasks-and-tube-racks-18-x-18-in,Spring platform for unique vessel types,499.0
H1010-SH,h1010-sh,"Shelf, 14 x 5.5"" for Petri dishes, plates, trays, etc.",141.12
H1010-SH,copy-of-6-x-microplate-platform,"Optional shelf, 14 x 5,5"" for Petri dishes, microplates, etc",112.5
H5000-12,h5000-12,"Block, 24 x 12 mm (200-1200 rom/Ambi.-10°C to 100°C)",440.16
H5000-12,copy-of-block-35-x-2-0ml,"Block, 24 x 12mm (Max. speed: 1200 rpm)",409.0
H5000-150,h5000-150,"Block, 12 x 15 ml (200-750 rpm/Ambi.-10°C to 100°C)",440.16
H5000-150,copy-of-block-24-x-12mm-max-speed-1200-rpm,"Block, 12 x 15ml (Max speed: 750 rpm)",409.0
T5000-96,thermal-cycler,TC 9639 Gradient Thermal Cycler,653460.0
T5000-96,thermal-cycler,TC 9639 Gradient Thermal Cycler,7605.0
